employee_id,first_name,last_name,email,age,gender,department,job_title,salary,experience_years,hire_date
1,Joyce,Cox,ckemp@example.com,27,Female,HR,HR Executive,109826,17,2025-06-17
2,Todd,Davis,ramirezmary@example.com,31,Male,HR,HR Manager,138987,25,2025-01-08
3,Cynthia,Castillo,aelliott@example.org,43,Male,Marketing,Content Writer,147738,5,2024-09-27
4,Alexander,Johnson,ywalker@example.org,45,Male,HR,HR Executive,52516,9,2016-12-14
5,Nicole,Graves,saramiller@example.net,34,Male,Operations,Logistics Coordinator,87185,1,2026-06-15
6,Carly,Rodriguez,courtney72@example.com,43,Female,Operations,Logistics Coordinator,105688,17,2025-04-24
7,Michael,Hart,ubird@example.org,22,Male,HR,HR Manager,138089,25,2017-08-25
8,Morgan,Marshall,morgansarah@example.org,37,Male,Operations,Logistics Coordinator,62033,19,2025-09-22
9,Annette,Meadows,carterjeffrey@example.org,24,Male,HR,HR Manager,101037,6,2022-07-22
10,Robin,Jordan,jessica85@example.net,24,Female,Marketing,Content Writer,90509,18,2022-05-25
11,Felicia,Richardson,trantristan@example.org,25,Female,Operations,Logistics Coordinator,78592,3,2020-12-13
12,Joseph,Grant,alicia47@example.net,27,Male,Sales,Sales Manager,73040,6,2022-07-19
13,Aaron,Thornton,nicolemills@example.org,32,Male,Support,Technical Support,81976,5,2023-02-04
14,Brad,Pena,imay@example.org,22,Female,Operations,Operations Manager,138736,23,2021-10-30
15,Nancy,Cruz,barrettjennifer@example.org,23,Male,Sales,Sales Manager,38227,1,2020-06-15
16,Sheri,Fitzgerald,sullivannicole@example.net,51,Female,Marketing,Marketing Manager,132956,10,2020-11-02
17,Alexandra,Jones,michaelpatel@example.com,48,Male,IT,System Admin,60482,12,2022-04-20
18,Joshua,Sanchez,ngordon@example.com,23,Male,IT,System Admin,90651,6,2021-05-13
19,Walter,Williams,hwest@example.org,32,Male,Sales,Business Developer,90514,17,2019-08-15
20,Matthew,Powell,hardinbrenda@example.org,40,Male,Sales,Sales Executive,144772,10,2022-10-05
21,Richard,Patterson,rebeccasmith@example.org,26,Female,Support,Customer Support,110570,8,2016-06-30
22,Kelsey,Williams,ryan85@example.com,48,Male,Support,Helpdesk Agent,99062,19,2019-05-28
23,Jeffery,Rogers,thicks@example.net,44,Female,Finance,Accountant,101635,3,2024-10-09
24,Alexa,Warren,charlesvazquez@example.com,45,Male,Marketing,SEO Specialist,70898,22,2022-03-17
25,Sarah,Garcia,matthew95@example.com,41,Male,Marketing,Marketing Manager,84049,7,2020-02-14
26,Heather,Hurst,antoniohenderson@example.org,44,Female,IT,System Admin,95648,4,2021-08-31
27,Roger,Morris,edward81@example.org,55,Male,Finance,Accountant,71714,14,2022-01-17
28,Emily,Benson,gina40@example.org,58,Female,HR,HR Executive,114490,5,2025-08-13
29,Frank,Perry,payneheather@example.org,46,Male,Operations,Supervisor,69688,24,2022-10-25
30,Lisa,Powers,yvonnemcdaniel@example.org,51,Male,IT,Software Engineer,95934,11,2021-03-19
31,Hannah,Allen,aaronlee@example.com,55,Female,IT,Data Analyst,116849,8,2021-10-27
32,Carrie,Barron,ostevens@example.org,32,Male,IT,Software Engineer,142313,18,2018-03-21
33,Edward,Martin,camachosabrina@example.net,30,Male,Finance,Accountant,39726,8,2017-07-30
34,Henry,Campbell,kimberlyjohnson@example.org,30,Male,HR,HR Executive,106178,13,2022-06-29
35,Ann,Nguyen,qreyes@example.org,47,Male,Finance,Accountant,52572,11,2018-05-04
36,Mark,Lawson,montgomeryrickey@example.org,48,Male,HR,HR Executive,139046,14,2024-10-15
37,David,Lewis,nhartman@example.net,57,Male,Marketing,Marketing Manager,93372,13,2022-05-05
38,Philip,Pearson,barbara46@example.net,44,Male,IT,Data Analyst,105094,19,2021-12-29
39,Rachel,Christensen,smithanthony@example.org,54,Female,Support,Customer Support,137273,1,2018-04-19
40,William,Smith,daniel70@example.org,60,Female,HR,Recruiter,84755,9,2022-11-27
41,Diana,Smith,ojohnson@example.com,52,Male,IT,Data Analyst,112753,15,2023-09-07
42,Cynthia,Williams,mmcclure@example.org,59,Female,Finance,Financial Analyst,44657,10,2020-01-26
43,Shelby,Trujillo,vcarlson@example.org,45,Male,HR,Recruiter,49132,15,2019-05-14
44,Tina,Klein,alexandramills@example.com,49,Male,Finance,Accountant,126983,23,2026-01-21
45,Jason,Wilson,sharon58@example.net,47,Male,Finance,Accountant,57464,16,2023-08-04
46,Angela,Hansen,jonesjennifer@example.net,45,Male,Finance,Accountant,107121,13,2020-10-17
47,Michelle,Reyes,millerkelly@example.net,52,Male,Support,Technical Support,82170,16,2019-05-24
48,Charles,Brooks,joannanorman@example.org,55,Male,Support,Customer Support,77276,10,2017-10-13
49,Scott,Howell,jacobgregory@example.org,39,Female,Sales,Business Developer,130495,23,2026-03-02
50,James,Johnson,jennifer75@example.org,23,Male,Finance,Accountant,85245,11,2020-10-01
51,Kelly,Alvarez,jenniferramos@example.net,44,Male,Operations,Logistics Coordinator,73584,25,2018-09-11
52,Tyler,Jacobson,lisa65@example.net,27,Female,Operations,Logistics Coordinator,138197,24,2024-04-27
53,Daniel,Williams,joshuaescobar@example.org,53,Male,Support,Technical Support,63145,19,2025-10-10
54,Matthew,Rose,vdavenport@example.org,54,Female,Finance,Auditor,145754,1,2019-05-05
55,Megan,Taylor,millerlisa@example.net,29,Female,Operations,Supervisor,103201,12,2019-05-27
56,Theresa,Howard,thunter@example.org,32,Male,Support,Helpdesk Agent,89851,15,2017-12-07
57,Cynthia,Simmons,skelly@example.com,28,Female,Finance,Financial Analyst,100463,22,2024-11-18
58,Steven,Ramirez,brettbenjamin@example.com,45,Female,Support,Technical Support,106585,12,2026-03-10
59,Susan,Parks,macklauren@example.com,26,Female,Operations,Operations Manager,111629,21,2018-11-09
60,John,Knapp,crystal37@example.net,38,Female,HR,HR Manager,131623,11,2026-03-22
61,Matthew,Gordon,hillsteven@example.net,60,Female,HR,HR Executive,142139,13,2025-03-06
62,Douglas,Perry,lisa71@example.org,35,Female,IT,System Admin,122776,25,2022-09-18
63,Abigail,Suarez,rclark@example.org,36,Male,HR,HR Executive,121889,10,2018-04-28
64,John,Lawson,nwheeler@example.com,60,Female,Support,Customer Support,82856,11,2024-12-21
65,Margaret,Chavez,patrickbryant@example.net,50,Male,Sales,Sales Manager,52053,19,2021-02-23
66,Anne,Hall,mbrown@example.org,28,Male,Support,Helpdesk Agent,63856,16,2024-03-23
67,Wesley,Fowler,chandlercassie@example.org,23,Female,Marketing,Content Writer,99481,17,2023-01-29
68,Christopher,Cole,marco67@example.com,47,Male,Sales,Sales Manager,55135,13,2021-02-03
69,Kyle,Hayes,esaunders@example.com,33,Female,IT,System Admin,49945,13,2017-01-01
70,Becky,Snyder,taylormichelle@example.net,44,Female,Operations,Operations Manager,139092,12,2021-11-07
71,Thomas,Lewis,matthew94@example.com,43,Female,Support,Technical Support,57678,20,2019-07-21
72,Eric,Silva,lhoffman@example.com,29,Female,HR,HR Manager,132786,4,2023-03-12
73,Joseph,Scott,wilsondaniel@example.org,41,Male,Finance,Accountant,145706,22,2020-12-30
74,Carolyn,Diaz,hpeters@example.org,54,Female,Marketing,Content Writer,56822,15,2025-01-10
75,Leah,Diaz,courtney72@example.org,44,Female,Finance,Auditor,134515,17,2019-11-01
76,Nicole,Rivera,harriswilliam@example.com,51,Male,Support,Technical Support,88812,21,2023-03-20
77,Erica,Lopez,jaimegarcia@example.org,23,Female,Support,Helpdesk Agent,123020,18,2016-07-16
78,Mark,Wagner,samanthalutz@example.org,36,Female,IT,Software Engineer,84689,22,2025-10-16
79,John,Taylor,elizabethporter@example.org,35,Male,Finance,Accountant,134425,14,2019-07-15
80,Mary,Cummings,olewis@example.org,40,Female,Finance,Accountant,149228,10,2018-12-30
81,Michael,Smith,asellers@example.net,41,Female,Support,Helpdesk Agent,129538,5,2022-06-10
82,David,Hanson,alexanderbrittany@example.net,28,Female,Support,Helpdesk Agent,100159,3,2026-01-30
83,Karen,Best,ericadelgado@example.net,60,Female,HR,Recruiter,83261,24,2016-08-23
84,William,Gardner,lopezthomas@example.org,46,Male,Marketing,Marketing Manager,100572,6,2020-12-31
85,Matthew,Rivas,jillwebb@example.org,38,Male,Support,Technical Support,68508,3,2024-04-26
86,Melissa,Cooper,wardkenneth@example.org,51,Male,HR,HR Executive,93843,17,2023-04-20
87,Brian,Lee,jacobmason@example.net,32,Male,Finance,Auditor,95377,24,2018-02-01
88,Michael,Harris,jromero@example.org,60,Female,Marketing,Marketing Manager,77799,5,2016-10-11
89,Michelle,Porter,wilkinsonkathy@example.net,58,Male,Sales,Sales Executive,122035,19,2017-07-17
90,Todd,Fox,brittneycox@example.org,33,Female,IT,Data Analyst,45284,2,2025-04-10
91,Stanley,Cooper,angel40@example.org,49,Female,Support,Customer Support,50168,8,2019-03-25
92,Robert,Doyle,solisdean@example.net,54,Male,Marketing,SEO Specialist,104618,24,2018-12-10
93,Bruce,Abbott,bowmanjillian@example.net,42,Male,Sales,Sales Executive,95373,21,2018-02-12
94,Kevin,Mason,mary33@example.org,51,Female,Operations,Logistics Coordinator,105314,19,2022-09-03
95,Cynthia,Weaver,wward@example.com,59,Male,Support,Technical Support,97830,8,2018-02-12
96,Angelica,Baker,juliefloyd@example.net,39,Female,HR,HR Executive,137049,20,2025-10-28
97,Joseph,Sheppard,gailfields@example.com,38,Female,Sales,Business Developer,127210,11,2017-11-02
98,Alexandria,Patterson,joshua13@example.com,57,Male,HR,Recruiter,88379,8,2023-10-23
99,Brittany,Larson,hjones@example.com,47,Female,Finance,Accountant,95949,8,2017-05-05
100,Nicole,Lozano,stacey92@example.org,38,Female,Operations,Supervisor,82363,9,2023-10-01
101,Lauren,Navarro,thebert@example.org,22,Female,HR,Recruiter,60726,12,2023-09-04
102,Patrick,Davis,boydtricia@example.net,25,Female,Sales,Business Developer,43996,25,2025-04-01
103,Diane,Evans,morganpena@example.org,23,Female,HR,HR Manager,122700,22,2017-03-20
104,Stacey,Ramirez,danielle54@example.net,57,Male,Operations,Operations Manager,144903,16,2019-09-11
105,Sandra,Ashley,williamskatrina@example.net,46,Male,Support,Technical Support,59895,4,2023-10-01
106,Jessica,Lee,jennifer53@example.com,58,Female,IT,Software Engineer,121439,24,2023-12-31
107,Mary,Sanchez,turnerbrian@example.net,25,Female,Finance,Accountant,135344,8,2019-03-31
108,Charles,Lindsey,belinda50@example.org,57,Female,Sales,Business Developer,80404,12,2018-01-25
109,Jennifer,Garcia,michael65@example.org,50,Male,Marketing,SEO Specialist,66962,9,2024-04-14
110,Susan,Rodriguez,annamay@example.net,28,Female,Sales,Sales Executive,116306,4,2022-12-23
111,Brian,Ellis,scotteric@example.org,32,Female,Support,Helpdesk Agent,89570,21,2016-08-02
112,Tricia,Whitaker,perezallen@example.com,50,Female,IT,Software Engineer,80675,8,2017-05-20
113,Pedro,Arellano,ffernandez@example.org,44,Male,Support,Helpdesk Agent,118584,7,2018-09-07
114,Katherine,Blackwell,hillabigail@example.org,36,Female,Support,Customer Support,109621,2,2022-10-16
115,Parker,Bush,danielle18@example.org,42,Male,HR,HR Manager,82005,23,2017-09-22
116,Michelle,Wagner,josetaylor@example.com,41,Female,Support,Customer Support,108392,25,2025-05-09
117,Anne,Tate,blackwellashley@example.org,43,Male,Sales,Business Developer,88200,21,2019-02-10
118,Tanner,Thompson,rollinsgloria@example.org,49,Male,Marketing,SEO Specialist,115495,20,2025-02-09
119,Jessica,Adams,jasonlynch@example.com,52,Male,Operations,Supervisor,140441,1,2024-04-09
120,Johnny,Gray,yvettejohnson@example.net,28,Female,Finance,Accountant,136161,24,2019-03-07
121,Kyle,Williams,scott94@example.net,33,Male,Finance,Financial Analyst,132000,21,2024-01-19
122,Courtney,Kim,carolfreeman@example.net,22,Female,IT,Data Analyst,139884,23,2021-01-28
123,Ricardo,Perry,timothypayne@example.com,38,Male,Sales,Sales Executive,110844,19,2024-06-22
124,Kylie,Anthony,woodjamie@example.net,23,Female,Sales,Sales Manager,121117,12,2024-10-01
125,Thomas,Greene,brentdouglas@example.net,49,Female,Support,Customer Support,88683,18,2023-05-03
126,Thomas,Valdez,valeriehuff@example.org,29,Male,Finance,Accountant,62862,15,2019-12-15
127,Ralph,Chase,williamstafford@example.net,30,Male,IT,Software Engineer,47295,16,2020-05-03
128,Michelle,Browning,cooperkelly@example.com,23,Male,HR,HR Executive,146618,17,2025-04-08
129,Jenna,Walters,schultztracy@example.com,44,Male,Marketing,Content Writer,111840,10,2019-08-20
130,Roberto,Martinez,veganancy@example.net,52,Female,Support,Customer Support,71679,10,2019-06-24
131,Andrew,Chambers,laurawhite@example.com,45,Male,IT,Software Engineer,115611,5,2017-04-01
132,Carrie,Galloway,morganmeyer@example.net,22,Male,IT,Software Engineer,135536,5,2019-09-23
133,Paul,Lawson,autumnmorgan@example.org,33,Male,Operations,Logistics Coordinator,55193,17,2022-06-21
134,Brandi,Hobbs,kathleen80@example.org,28,Male,Marketing,Marketing Manager,114457,4,2023-02-18
135,Ryan,Coleman,jeffreywood@example.org,58,Male,Finance,Financial Analyst,41004,3,2022-09-07
136,Allison,Lloyd,doris78@example.net,36,Female,Finance,Accountant,113144,23,2017-10-30
137,John,Riggs,vaughnmichael@example.net,25,Female,Marketing,Content Writer,85110,25,2025-12-23
138,Christopher,Salazar,johnherrera@example.net,42,Male,IT,Data Analyst,140496,3,2017-01-04
139,Melissa,Coleman,byrdtina@example.com,23,Female,Marketing,Marketing Manager,74742,16,2019-12-30
140,Jason,Holt,suzannepotter@example.net,54,Male,Sales,Sales Executive,62074,4,2024-07-28
141,Bryan,Moore,steven10@example.com,22,Female,Finance,Financial Analyst,43167,11,2018-01-10
142,Bruce,Allen,ahampton@example.net,23,Female,Marketing,SEO Specialist,103625,24,2021-08-10
143,Robert,Graham,annettecarlson@example.net,44,Female,Operations,Operations Manager,37869,20,2016-08-05
144,Thomas,Burns,john71@example.org,58,Female,Sales,Business Developer,146244,21,2019-03-13
145,Krystal,Ward,patricia18@example.org,30,Male,Operations,Supervisor,61882,19,2019-05-22
146,Brianna,Cannon,gcase@example.net,22,Male,Sales,Sales Executive,137556,12,2022-04-06
147,Donna,Malone,brownblake@example.net,57,Male,Support,Helpdesk Agent,72149,11,2026-04-18
148,Brandon,Alvarez,dfigueroa@example.net,51,Female,Finance,Financial Analyst,48156,24,2021-04-08
149,Tammy,Terry,johnwheeler@example.net,52,Female,HR,HR Manager,72862,8,2024-10-16
150,Craig,Vega,lpacheco@example.org,38,Male,Support,Customer Support,64965,5,2024-04-27
151,Thomas,Sampson,sydney79@example.net,58,Male,HR,Recruiter,74962,21,2021-03-11
152,Tara,Thompson,badams@example.net,32,Male,Sales,Business Developer,115628,6,2020-09-16
153,Oscar,Allen,victorialynch@example.net,58,Female,HR,HR Executive,113597,4,2016-12-08
154,Karen,Potter,joneskatrina@example.org,33,Male,HR,Recruiter,100391,22,2016-06-16
155,Lauren,Lawrence,alisonhunt@example.com,30,Female,Marketing,Marketing Manager,141397,24,2024-05-23
156,Maria,Horn,christina02@example.org,46,Male,Sales,Sales Manager,58740,22,2026-02-13
157,Wendy,Long,sandersrebecca@example.net,56,Female,IT,System Admin,143983,12,2021-02-17
158,Leah,Burns,leah54@example.com,46,Male,Operations,Operations Manager,81835,2,2017-04-30
159,Patrick,Williams,jonesdavid@example.org,59,Female,Operations,Supervisor,89641,18,2023-02-06
160,Dylan,Brown,mariaabbott@example.com,29,Male,IT,System Admin,110446,8,2026-02-10
161,Joe,Holland,tiffany03@example.com,41,Male,Marketing,Marketing Manager,114462,24,2017-10-10
162,Joseph,Robinson,thompsonloretta@example.net,31,Female,Sales,Sales Executive,54059,2,2020-02-11
163,Wendy,Gilmore,schneiderlisa@example.com,45,Male,Sales,Sales Manager,60973,14,2025-10-05
164,Nicholas,Evans,jeffrey13@example.org,51,Male,Finance,Auditor,97995,25,2022-07-15
165,Daniel,Peters,guynorton@example.com,36,Female,Support,Customer Support,71339,9,2023-05-03
166,Ashley,Robinson,kelly57@example.net,30,Female,Finance,Accountant,132323,2,2022-09-14
167,Logan,Anderson,melanierivera@example.org,30,Female,Sales,Sales Manager,101520,12,2017-04-07
168,Ashley,Small,kennethkelly@example.com,23,Female,Sales,Business Developer,63454,19,2020-08-16
169,Judy,Stuart,knorris@example.com,34,Female,Support,Helpdesk Agent,149337,15,2023-07-15
170,Donna,Munoz,adamsdaniel@example.net,51,Female,HR,HR Executive,136728,19,2020-01-16
171,Lindsey,Webb,willie30@example.net,44,Female,IT,Data Analyst,44835,10,2025-05-18
172,Sarah,Jackson,brownandrew@example.org,31,Female,Marketing,Content Writer,35648,2,2021-01-15
173,Bryan,Brown,justin50@example.com,26,Male,HR,HR Manager,94469,3,2020-10-08
174,Christopher,Gamble,washingtonelizabeth@example.org,35,Male,Operations,Operations Manager,76000,19,2025-02-21
175,Brenda,Clark,kristinstanton@example.com,47,Female,IT,System Admin,98192,14,2022-08-14
176,Ryan,Sandoval,timothy39@example.net,38,Female,Support,Customer Support,46822,4,2019-08-13
177,Rodney,Roberts,sotosarah@example.com,41,Male,Support,Technical Support,55751,18,2018-02-05
178,Jason,Chen,ronnie57@example.net,55,Male,Finance,Auditor,129517,12,2019-10-15
179,Michael,Daniels,xlong@example.org,24,Female,HR,Recruiter,129088,17,2022-07-02
180,Kimberly,Cook,angela10@example.com,53,Female,Support,Technical Support,96647,21,2021-09-18
181,Sara,May,ptaylor@example.net,60,Female,IT,System Admin,50926,20,2017-03-10
182,Jessica,Gray,nstark@example.net,47,Female,Marketing,Content Writer,36834,22,2023-03-31
183,Carol,Stewart,karen62@example.net,39,Male,Finance,Auditor,62721,14,2022-03-13
184,David,Benjamin,daniel02@example.com,31,Female,Finance,Accountant,97393,24,2026-05-09
185,Kelly,Daniels,monica94@example.net,39,Male,IT,System Admin,102284,23,2018-03-27
186,Jennifer,Silva,garciacarrie@example.com,52,Female,Sales,Business Developer,92586,5,2022-10-30
187,Erica,Roman,adamhampton@example.com,34,Male,IT,Data Analyst,94036,16,2019-01-26
188,Daniel,Sanders,amy75@example.net,60,Female,Sales,Sales Manager,147742,2,2019-03-26
189,Jeffrey,Lambert,skinnermartha@example.com,37,Male,HR,HR Executive,119802,1,2024-02-07
190,John,Martinez,gbrown@example.net,26,Female,Sales,Business Developer,39463,18,2022-11-08
191,Pamela,Bradford,millerjeanette@example.org,49,Male,Support,Customer Support,49046,24,2020-02-24
192,Susan,Johnson,fraziersusan@example.net,58,Female,IT,Data Analyst,93348,3,2025-12-18
193,Derek,Petty,uhammond@example.net,30,Female,IT,Data Analyst,142268,19,2018-10-15
194,Allison,Ortega,edward52@example.org,54,Female,Sales,Sales Executive,61097,14,2026-04-17
195,Deanna,Perez,twright@example.org,51,Female,Operations,Supervisor,82667,25,2020-01-21
196,Russell,Jones,barbaraowens@example.net,23,Male,Finance,Auditor,44727,23,2022-12-31
197,Roger,Smith,allenmelvin@example.org,23,Male,Support,Helpdesk Agent,81419,14,2018-04-17
198,Sandra,Wilkerson,erikjohnston@example.net,36,Female,Finance,Accountant,45707,5,2019-08-12
199,Jennifer,Davis,kelly36@example.org,51,Female,Sales,Sales Manager,147477,10,2020-04-11
200,Andrew,Reed,evelynmiller@example.org,32,Female,IT,Data Analyst,61724,16,2018-12-20
201,Christopher,Alexander,hallnichole@example.net,28,Male,Support,Technical Support,80706,17,2018-01-29
202,Cindy,Galvan,taylorcharles@example.com,48,Male,Support,Customer Support,61752,10,2025-07-30
203,Heather,Good,holmesmorgan@example.net,26,Female,Marketing,Content Writer,80663,2,2019-05-03
204,Danielle,Pham,lisa08@example.com,52,Male,Sales,Sales Manager,100342,3,2021-05-18
205,Darren,Gomez,nicole06@example.com,49,Female,IT,Data Analyst,56101,9,2026-03-12
206,Eric,Hartman,castillosteven@example.com,48,Male,IT,Data Analyst,83685,23,2021-04-30
207,Lisa,Jones,jacksonaaron@example.org,53,Female,Marketing,SEO Specialist,87296,9,2018-07-05
208,Linda,Carroll,johnshaffer@example.com,39,Male,Finance,Accountant,130823,20,2023-06-19
209,Sandy,Lowe,valdezwendy@example.com,23,Male,Finance,Accountant,95690,13,2021-03-04
210,Robert,Martin,omoore@example.net,47,Female,IT,Data Analyst,140184,9,2024-03-26
211,Alexander,Sexton,colleen31@example.net,33,Female,IT,Software Engineer,80770,2,2018-01-03
212,Bruce,Johnson,krobbins@example.org,29,Female,Operations,Operations Manager,77094,24,2025-12-09
213,Andrew,Rodriguez,alyssa64@example.org,44,Male,Support,Technical Support,124088,19,2016-07-09
214,Carrie,Lowe,alexis49@example.net,33,Female,Operations,Supervisor,75959,8,2018-06-17
215,Michael,Davis,taylorcole@example.org,57,Female,Support,Customer Support,111540,3,2023-09-07
216,Joan,Edwards,ujohnson@example.org,22,Female,Operations,Logistics Coordinator,79054,20,2022-11-03
217,Robert,Robertson,julia48@example.com,51,Female,Finance,Auditor,85046,20,2025-06-23
218,Monique,Watson,mariahjackson@example.org,34,Female,Finance,Auditor,86214,20,2019-12-07
219,Krista,Mills,carl74@example.com,50,Male,Sales,Sales Executive,141376,6,2017-10-11
220,Keith,Rhodes,jamesjordan@example.com,24,Male,HR,Recruiter,83773,10,2024-01-12
221,Danny,Taylor,richardjordan@example.net,49,Male,Finance,Financial Analyst,118650,25,2021-07-15
222,Sandra,Hill,kimberlyfranklin@example.net,47,Female,IT,System Admin,41561,25,2021-02-27
223,Theresa,Jensen,brianmorris@example.com,25,Male,Support,Technical Support,81510,9,2017-06-12
224,Kevin,Hill,warrenkelsey@example.org,52,Female,Marketing,Marketing Manager,116318,5,2025-06-02
225,Susan,Peters,codycastro@example.com,59,Female,HR,HR Manager,41907,22,2024-09-17
226,William,Harvey,hollandcatherine@example.com,55,Male,Finance,Auditor,109728,7,2024-03-20
227,Micheal,Morris,christopher84@example.org,33,Male,Finance,Accountant,69053,6,2017-02-02
228,Mark,Jenkins,emily01@example.org,29,Female,Marketing,Marketing Manager,58334,6,2019-12-01
229,Patricia,Shaw,lisa84@example.com,48,Female,Marketing,Content Writer,141574,18,2020-10-20
230,Omar,Hartman,russellharris@example.org,45,Female,HR,HR Manager,104507,1,2023-05-11
231,Daniel,Mccoy,burgesschristopher@example.com,57,Female,IT,Software Engineer,40454,3,2023-05-05
232,Thomas,Casey,tedwards@example.org,56,Female,Operations,Supervisor,137191,7,2023-07-18
233,Stacey,Casey,christian11@example.net,36,Female,IT,Data Analyst,115011,22,2018-09-22
234,Ann,Wu,zhodges@example.com,44,Male,Marketing,SEO Specialist,96187,3,2024-11-03
235,Brian,Macdonald,jenniferprice@example.org,57,Male,Operations,Operations Manager,76880,17,2024-02-19
236,Eugene,Hale,sara36@example.net,60,Male,Operations,Supervisor,56454,6,2023-08-08
237,Christopher,Maxwell,simmonsdarren@example.com,52,Female,Marketing,Marketing Manager,71044,8,2021-12-30
238,Miranda,Wilson,cjoseph@example.net,34,Male,Operations,Supervisor,90815,21,2021-03-18
239,Rodney,Mcguire,masonjerry@example.com,47,Male,Support,Helpdesk Agent,50822,1,2019-12-28
240,Scott,Daniels,yfitzpatrick@example.org,53,Female,Finance,Accountant,120746,17,2020-04-22
241,Erika,Haney,christinadennis@example.com,32,Male,Operations,Logistics Coordinator,54250,12,2020-03-20
242,Michelle,Edwards,victoriahicks@example.org,50,Female,HR,Recruiter,67904,15,2022-08-31
243,Ashley,Kelley,craigclark@example.org,36,Female,Support,Technical Support,65332,17,2017-10-30
244,Timothy,Gibbs,abbottsharon@example.org,27,Female,Support,Helpdesk Agent,117843,2,2022-10-17
245,Wayne,Campos,jaderamsey@example.org,55,Female,Marketing,SEO Specialist,114592,10,2016-09-29
246,Kevin,Harris,george18@example.org,53,Male,Sales,Business Developer,145730,22,2017-10-06
247,Sherry,Woods,katherine49@example.com,58,Female,HR,Recruiter,134230,12,2017-10-12
248,Adriana,Abbott,jhartman@example.net,50,Male,Operations,Operations Manager,118794,11,2017-04-07
249,Kelly,Mccullough,amy11@example.com,52,Male,Sales,Sales Manager,105852,6,2019-11-23
250,Alan,Willis,jamesramirez@example.org,52,Female,Sales,Sales Executive,113299,25,2026-01-06
251,Mary,Meadows,hernandezdonald@example.net,23,Female,Sales,Sales Executive,58996,3,2020-10-04
252,Kelsey,Curtis,pcarter@example.org,54,Female,Support,Customer Support,38781,8,2025-10-15
253,Ronald,Moore,haley33@example.com,54,Male,Finance,Financial Analyst,47589,7,2025-12-26
254,Michael,Mccormick,richardsonangela@example.net,38,Male,Marketing,Content Writer,103103,4,2020-02-20
255,Monica,Buckley,bryan17@example.org,26,Female,Marketing,SEO Specialist,45658,18,2020-07-31
256,Rebecca,Ayala,taylorkimberly@example.org,48,Male,Operations,Operations Manager,99320,25,2025-09-15
257,Mary,Lane,judy42@example.net,60,Female,IT,Software Engineer,57248,21,2024-03-12
258,Gary,Mcdaniel,peterscorey@example.org,36,Male,Operations,Logistics Coordinator,114114,15,2021-12-19
259,Hunter,Villarreal,phillip37@example.net,32,Male,Support,Customer Support,117610,13,2019-01-16
260,David,Garcia,lisa06@example.com,46,Male,IT,System Admin,146638,3,2017-08-07
261,Kathleen,Brown,dianasmith@example.com,37,Female,Sales,Sales Manager,84220,6,2016-07-15
262,Andrew,Ford,etate@example.org,38,Male,Sales,Sales Manager,61646,15,2024-02-03
263,Mark,Jones,sotovalerie@example.org,24,Female,Finance,Financial Analyst,112203,22,2018-03-21
264,Kimberly,King,robertsonrick@example.org,52,Male,IT,System Admin,140222,2,2021-05-26
265,Wesley,Rogers,gquinn@example.net,45,Female,Sales,Sales Manager,78544,18,2023-01-25
266,Danielle,Wu,weavernatalie@example.com,53,Male,Finance,Financial Analyst,142402,5,2016-10-05
267,Jennifer,Hernandez,mark25@example.org,51,Female,HR,Recruiter,143117,9,2021-06-08
268,Michael,Newman,patrick11@example.org,56,Female,Support,Helpdesk Agent,115064,22,2020-09-06
269,Christina,Griffin,susanfisher@example.com,49,Male,HR,HR Manager,80749,4,2022-02-08
270,Bridget,Montoya,meyerclayton@example.net,59,Female,HR,Recruiter,54602,14,2016-10-03
271,John,Ashley,blake54@example.com,39,Female,IT,Software Engineer,135746,9,2025-06-11
272,Alexander,Johnson,kdavis@example.org,51,Male,HR,Recruiter,57771,13,2018-03-09
273,Tracy,Cortez,nicholascrawford@example.com,37,Male,Operations,Supervisor,79082,1,2024-01-22
274,Gabrielle,Miller,jesus27@example.net,42,Male,Operations,Operations Manager,72715,9,2020-07-10
275,Timothy,Perez,johnsoneduardo@example.org,33,Male,IT,Data Analyst,45918,9,2017-05-18
276,Devon,Jackson,qball@example.org,39,Male,Support,Customer Support,147602,16,2017-06-29
277,Charles,Johnson,melissalee@example.net,59,Female,Marketing,Content Writer,106395,11,2017-11-22
278,James,Stewart,moorepeter@example.net,29,Male,Operations,Logistics Coordinator,71289,4,2026-05-10
279,Taylor,Bolton,brownmelissa@example.org,31,Male,Support,Technical Support,66429,19,2023-06-30
280,James,Richardson,jeffery29@example.org,52,Female,Sales,Sales Executive,123735,21,2021-11-18
281,Kari,Watson,emmawalker@example.com,52,Male,Finance,Financial Analyst,77447,15,2021-02-22
282,Heather,Weber,seantaylor@example.com,55,Male,HR,Recruiter,120352,19,2018-02-06
283,Natasha,Martinez,khamilton@example.net,34,Male,Sales,Sales Manager,131676,13,2023-06-01
284,Alexis,Hawkins,tiffany75@example.org,51,Male,IT,Software Engineer,109690,5,2025-02-23
285,Ethan,Schneider,joannawheeler@example.org,44,Male,Sales,Business Developer,120216,19,2021-08-05
286,Christopher,Weaver,edwin00@example.org,26,Female,Marketing,SEO Specialist,57558,7,2020-08-08
287,Timothy,Perez,joanne13@example.net,52,Female,Support,Technical Support,131629,8,2023-06-10
288,Reginald,Norris,keithjennifer@example.com,40,Female,Support,Customer Support,92263,18,2018-12-31
289,Steven,Peterson,rossdennis@example.com,42,Male,Operations,Operations Manager,40072,17,2023-01-08
290,Angela,Garcia,johnserica@example.net,50,Female,HR,Recruiter,72213,12,2018-01-31
291,Amber,Russo,regina58@example.com,30,Female,Sales,Sales Manager,149719,9,2024-02-05
292,Elizabeth,Lewis,luke04@example.org,48,Male,IT,Software Engineer,96614,21,2017-04-10
293,Donald,Serrano,kelly48@example.com,44,Female,HR,HR Manager,132831,2,2020-08-31
294,Amanda,Lane,darrencosta@example.com,47,Female,Finance,Accountant,119843,3,2023-10-17
295,William,Gay,hernandezelizabeth@example.org,58,Male,Operations,Logistics Coordinator,139858,20,2018-03-07
296,Alexis,Bentley,teresa46@example.com,43,Male,Operations,Supervisor,123862,1,2017-01-14
297,Keith,Cook,tylertracy@example.com,53,Male,IT,System Admin,98111,7,2017-08-13
298,Erik,Young,ccarter@example.org,31,Male,Finance,Accountant,134829,9,2021-05-02
299,Albert,Casey,vdickson@example.com,35,Male,Finance,Auditor,43733,7,2021-07-15
300,Cynthia,Ramirez,bbecker@example.org,36,Male,HR,Recruiter,107525,23,2026-01-05
301,Laura,Garcia,tabitha78@example.com,52,Male,Sales,Sales Executive,111475,22,2021-03-23
302,Kristen,Brown,smoss@example.org,22,Female,Finance,Accountant,74221,23,2018-07-23
303,Samuel,Miller,lauren11@example.com,57,Female,Operations,Logistics Coordinator,101080,1,2021-03-15
304,Matthew,Riley,nhernandez@example.net,40,Male,Marketing,Marketing Manager,80778,24,2018-08-01
305,Alex,Mcpherson,mthompson@example.org,25,Female,Sales,Sales Executive,108797,22,2024-07-21
306,Andrew,Thompson,meredithwalter@example.com,46,Male,IT,Software Engineer,62549,15,2017-01-04
307,Joshua,Grant,kwagner@example.org,22,Female,Operations,Operations Manager,129517,24,2021-04-28
308,Amanda,Mcknight,bennettalan@example.org,26,Male,Sales,Business Developer,89206,22,2019-07-19
309,David,Mcmillan,cindy75@example.net,29,Female,Finance,Accountant,75220,20,2020-12-06
310,Heidi,Harvey,charles14@example.org,29,Female,Support,Technical Support,124628,10,2022-08-25
311,Kelly,Smith,karenmccann@example.org,54,Male,Operations,Logistics Coordinator,99345,20,2024-03-20
312,Cassidy,Davis,qdavis@example.com,43,Female,IT,Data Analyst,107377,9,2017-04-29
313,Donna,Smith,mariawise@example.net,40,Female,Operations,Logistics Coordinator,105601,20,2024-02-28
314,James,Nash,jason70@example.net,33,Female,HR,HR Executive,100901,6,2023-12-21
315,Margaret,Alvarez,stevenkelly@example.org,28,Female,Support,Customer Support,47469,3,2016-10-08
316,Stephanie,Finley,hroberts@example.net,36,Female,Marketing,Marketing Manager,35129,3,2018-10-23
317,Austin,Cherry,dmcdaniel@example.net,28,Male,Marketing,SEO Specialist,103233,20,2022-01-06
318,Joann,Kline,yperez@example.org,39,Female,Finance,Financial Analyst,62867,23,2022-11-15
319,Elizabeth,Chen,pbrown@example.org,58,Male,IT,Software Engineer,143082,8,2017-04-19
320,Scott,Murphy,katherine53@example.org,42,Female,IT,System Admin,147847,21,2022-09-12
321,Patricia,Vaughn,michelle73@example.org,31,Male,Marketing,Content Writer,35405,9,2019-11-06
322,Lisa,Lucas,katherine45@example.com,28,Male,HR,HR Manager,82677,17,2024-08-26
323,Joanna,Mendez,jgraham@example.com,60,Male,Sales,Sales Executive,92817,13,2019-09-30
324,Tracey,Ward,amanda15@example.com,23,Male,Support,Customer Support,59024,13,2025-10-14
325,Savannah,Keller,jasonbeard@example.net,44,Male,Operations,Logistics Coordinator,48441,7,2024-09-30
326,Stephen,Bradshaw,maxwellwilcox@example.net,32,Female,Sales,Sales Manager,61700,17,2022-10-22
327,Brent,Davenport,francisantonio@example.com,30,Female,Marketing,Marketing Manager,83079,21,2020-12-23
328,Catherine,Leblanc,torrespatty@example.org,60,Male,Sales,Sales Manager,128565,25,2019-10-31
329,Scott,Davila,cartertimothy@example.net,40,Female,Support,Customer Support,111872,6,2017-02-28
330,Mark,George,patelelizabeth@example.com,40,Female,Sales,Sales Executive,110940,13,2020-03-01
331,Christina,Barnes,moorebrett@example.net,40,Male,IT,Data Analyst,53220,10,2024-02-03
332,Gina,Horne,blairshawn@example.com,54,Male,Finance,Accountant,54222,6,2026-03-26
333,Corey,Mooney,ericksondawn@example.net,42,Female,Finance,Financial Analyst,71149,22,2019-12-21
334,Meghan,Graham,marcusday@example.org,23,Female,Finance,Auditor,43874,3,2020-01-12
335,Rebecca,Gomez,joneskevin@example.org,42,Male,Finance,Accountant,74341,9,2017-05-22
336,Megan,Campbell,james17@example.net,29,Male,IT,System Admin,131142,15,2023-04-27
337,Valerie,Acevedo,wilsontyler@example.com,28,Female,Finance,Financial Analyst,97057,18,2024-02-15
338,Sarah,Hill,nward@example.org,32,Female,Support,Technical Support,100185,20,2021-08-23
339,David,Wu,patrickjohnson@example.net,43,Female,Sales,Sales Manager,68248,10,2016-09-12
340,Cindy,Melton,ricardohudson@example.net,22,Male,Marketing,Marketing Manager,53267,4,2021-08-05
341,James,Ryan,gallagherjames@example.org,37,Male,Marketing,Marketing Manager,139202,1,2020-04-11
342,Jennifer,Strong,rojasjoseph@example.org,37,Female,Marketing,Content Writer,127294,7,2022-02-26
343,Brian,Nelson,ffrost@example.com,53,Female,HR,HR Manager,126441,17,2017-10-01
344,Michelle,Thomas,wagnerryan@example.com,36,Male,Operations,Supervisor,130793,20,2024-01-10
345,Pamela,Martinez,dennisbailey@example.com,37,Female,Finance,Auditor,92054,17,2022-12-18
346,Chad,Cruz,hwarner@example.net,44,Female,HR,Recruiter,98346,7,2025-08-17
347,Alice,Wilson,cooperjames@example.com,44,Male,Finance,Accountant,91863,6,2019-06-17
348,Amber,Vega,timothy76@example.org,33,Female,Support,Customer Support,38048,3,2023-08-10
349,John,Wall,zachary47@example.net,48,Male,Operations,Operations Manager,92656,20,2023-09-12
350,William,Valdez,mrobinson@example.net,53,Male,HR,HR Manager,45132,9,2019-11-03
351,Anna,Torres,egallagher@example.net,37,Female,Support,Helpdesk Agent,149460,13,2025-06-26
352,Jennifer,Barker,xhart@example.com,41,Female,Finance,Financial Analyst,52986,5,2019-06-19
353,Drew,Duffy,danielholt@example.org,54,Female,HR,Recruiter,148070,9,2024-10-13
354,Todd,Ruiz,potteralexander@example.org,24,Male,Support,Helpdesk Agent,56167,1,2017-11-13
355,Laura,Herrera,lanebrian@example.com,48,Male,Sales,Sales Executive,99299,5,2025-09-08
356,Christopher,Murray,bbooth@example.com,52,Female,HR,HR Manager,126086,23,2022-10-17
357,Eric,Costa,fieldscesar@example.org,46,Female,IT,Data Analyst,130437,7,2023-11-07
358,James,Collins,hilljamie@example.net,38,Male,Marketing,Marketing Manager,101519,16,2017-01-03
359,Sean,Lee,mendozagary@example.org,28,Female,IT,Software Engineer,131170,18,2023-10-26
360,Mark,Ortiz,nguyennatalie@example.net,45,Female,HR,Recruiter,138926,14,2019-05-28
361,Diane,Ford,reynoldsjessica@example.org,48,Female,Sales,Sales Executive,92678,18,2019-02-24
362,Alexis,Williams,kathleen27@example.com,52,Male,HR,HR Manager,53576,10,2020-03-14
363,Mark,Moss,joshua64@example.net,38,Male,Operations,Supervisor,138622,10,2020-10-13
364,Sean,Velasquez,lbennett@example.net,26,Female,Finance,Financial Analyst,76641,18,2025-12-03
365,Sara,Jordan,gmatthews@example.net,58,Female,Marketing,SEO Specialist,109164,13,2019-03-13
366,William,Martin,proctorpatricia@example.org,45,Female,IT,Data Analyst,130965,16,2023-06-06
367,Christopher,Castillo,richard16@example.org,29,Female,Marketing,Marketing Manager,43312,11,2025-06-27
368,Miranda,Clarke,ubailey@example.com,27,Female,Support,Helpdesk Agent,141333,25,2024-04-24
369,Heather,Chambers,juliapowell@example.com,22,Male,HR,HR Manager,110229,20,2017-01-11
370,Andrew,Smith,brittney78@example.com,53,Female,IT,Data Analyst,127615,1,2018-07-26
371,Jennifer,Hayes,ericaustin@example.net,23,Male,Marketing,SEO Specialist,119340,1,2016-12-26
372,Anthony,Webb,linda32@example.net,46,Male,Operations,Supervisor,149227,16,2022-05-04
373,Jose,Riddle,robertwood@example.com,42,Female,IT,Data Analyst,147149,18,2025-12-15
374,Cindy,Stevens,melanie09@example.net,43,Female,HR,HR Manager,80456,5,2020-06-03
375,Sarah,Adams,audreygreen@example.org,26,Male,Operations,Operations Manager,97979,22,2017-03-08
376,Jane,Valentine,donald67@example.net,52,Male,Sales,Sales Manager,60328,13,2020-03-24
377,Sharon,Wyatt,lynn96@example.org,23,Male,Marketing,Marketing Manager,122687,22,2018-10-29
378,Michael,Martin,charlotte90@example.com,60,Female,IT,System Admin,114891,18,2018-05-18
379,Matthew,Ortega,gabrielle11@example.net,47,Male,HR,HR Manager,97767,17,2020-12-14
380,Lynn,Shepherd,wrightamy@example.org,54,Male,IT,System Admin,139977,7,2022-08-07
381,Gina,Strickland,robert92@example.net,44,Female,Operations,Supervisor,65931,25,2024-01-07
382,Robert,Brooks,sandersmartin@example.net,38,Female,Sales,Sales Executive,67940,20,2020-03-11
383,Kevin,Scott,devin55@example.com,37,Male,Operations,Logistics Coordinator,107491,17,2022-02-13
384,Carrie,Morris,wpeters@example.org,42,Female,Support,Technical Support,43238,19,2016-12-27
385,Benjamin,Lamb,carpenterjeremy@example.org,28,Female,Finance,Accountant,102087,11,2022-07-16
386,Stephen,Wilson,igreene@example.com,28,Male,Support,Customer Support,52645,6,2020-02-11
387,David,Adams,christianroberts@example.org,46,Female,Operations,Supervisor,118395,5,2024-10-18
388,James,Martin,youngrachel@example.com,45,Male,Operations,Operations Manager,75105,23,2017-08-07
389,Francisco,Holt,eric21@example.net,39,Male,Sales,Sales Manager,89581,23,2019-08-22
390,Pamela,Ellison,jonescharles@example.net,33,Male,IT,Software Engineer,83593,22,2017-09-24
391,Sandra,Rogers,mistyhamilton@example.org,52,Male,Sales,Sales Executive,72190,8,2024-08-08
392,Charles,Archer,lanesteven@example.org,22,Male,Operations,Logistics Coordinator,104163,15,2018-09-11
393,Jessica,Hickman,jimmy04@example.com,35,Female,Finance,Auditor,113737,9,2023-10-18
394,Christopher,Harris,butlerkristina@example.net,29,Male,Support,Customer Support,107868,9,2023-10-05
395,Tanya,Byrd,wallsleslie@example.net,43,Male,IT,System Admin,132608,19,2024-05-23
396,Daniel,Dalton,baileynatalie@example.org,48,Female,HR,Recruiter,65413,17,2020-03-19
397,Justin,Castro,dawnlambert@example.net,48,Female,Operations,Logistics Coordinator,126798,10,2018-10-29
398,Jessica,Garner,xtrevino@example.com,36,Female,Marketing,SEO Specialist,51454,22,2024-11-25
399,Danielle,Carter,gthomas@example.com,42,Male,Marketing,Marketing Manager,80657,19,2026-02-16
400,William,Zuniga,nataliegilmore@example.com,27,Male,HR,HR Executive,144686,19,2019-05-25
401,Steven,White,matthewshannon@example.net,24,Male,Operations,Operations Manager,62642,15,2021-10-26
402,Robert,Carney,xlutz@example.org,43,Male,Sales,Business Developer,90885,4,2022-06-24
403,Damon,Brown,dawngardner@example.org,51,Male,Finance,Accountant,38106,25,2021-03-14
404,Stephanie,Harmon,mclaughlinkevin@example.net,35,Male,Finance,Financial Analyst,117643,3,2017-09-18
405,Noah,Clark,frederick45@example.net,34,Female,HR,HR Executive,37251,11,2018-07-21
406,Jenny,Cole,reynoldsclayton@example.org,57,Male,Operations,Supervisor,145797,13,2024-10-10
407,Tina,Hughes,davidwhite@example.org,54,Female,Marketing,Content Writer,87344,12,2023-02-05
408,Karen,Garcia,jonathanhogan@example.com,27,Male,HR,HR Manager,109905,24,2020-11-29
409,Nicole,Moore,stevenskristin@example.net,58,Male,Sales,Business Developer,74285,19,2016-12-06
410,Melanie,Choi,kathleenreynolds@example.net,37,Female,IT,Data Analyst,43837,3,2022-06-01
411,Mason,Watson,nellison@example.org,51,Female,IT,Software Engineer,140306,9,2016-09-08
412,Sheila,Blair,josephhall@example.com,55,Female,HR,Recruiter,132141,14,2020-06-20
413,Holly,Hamilton,raymondlee@example.net,29,Male,Support,Technical Support,84764,20,2025-12-07
414,Caitlin,Snow,vwebb@example.net,52,Male,Operations,Logistics Coordinator,92906,12,2024-06-09
415,Melissa,Berry,alishamoore@example.org,57,Female,IT,Software Engineer,136787,10,2023-11-30
416,Ashley,Clark,richard19@example.org,40,Female,IT,System Admin,77444,7,2021-08-30
417,Troy,Warren,jeremiah63@example.com,37,Male,Finance,Accountant,40963,5,2024-07-19
418,Deborah,Dixon,uvillanueva@example.com,24,Male,Marketing,SEO Specialist,111706,7,2025-03-27
419,John,Fox,nhendricks@example.org,51,Male,Finance,Financial Analyst,49957,3,2016-06-29
420,Christopher,Key,millsmary@example.net,30,Male,Sales,Business Developer,121623,13,2023-11-20
421,Christina,Jenkins,jacobcarlson@example.net,26,Female,Operations,Logistics Coordinator,93246,15,2017-04-11
422,Joseph,Walker,dcooper@example.net,42,Female,Support,Helpdesk Agent,119993,19,2018-12-11
423,Amy,Anderson,patrick20@example.org,30,Female,Operations,Operations Manager,79567,25,2023-07-22
424,Rebecca,Serrano,amywilson@example.net,25,Male,Finance,Financial Analyst,88827,15,2018-05-24
425,Sarah,Campbell,misty63@example.com,40,Male,Marketing,SEO Specialist,119864,11,2016-12-21
426,Erin,Freeman,williamhudson@example.com,44,Male,Marketing,Marketing Manager,145249,1,2019-10-30
427,John,Maddox,ramosphillip@example.com,25,Male,HR,HR Manager,69030,10,2018-04-02
428,Joshua,Perez,wrodriguez@example.net,55,Female,Finance,Accountant,138211,5,2021-01-15
429,Vincent,Scott,brandigardner@example.net,54,Female,IT,Data Analyst,64886,4,2024-06-21
430,Diana,Morris,clinton31@example.org,45,Male,Support,Technical Support,87520,7,2017-06-03
431,Jaime,Hanson,hrodriguez@example.org,50,Female,Marketing,Marketing Manager,62595,25,2021-12-20
432,Andrew,Gibson,denisevazquez@example.org,48,Female,Marketing,SEO Specialist,103862,12,2024-01-06
433,Monique,Morris,hhayes@example.org,42,Female,HR,Recruiter,106667,5,2018-09-09
434,Margaret,Randall,kennethsanchez@example.net,22,Male,HR,HR Executive,134204,23,2023-11-12
435,Karen,Dalton,aodom@example.org,28,Male,Finance,Accountant,37434,20,2020-06-02
436,Jerry,Williams,clarknathan@example.org,30,Female,HR,Recruiter,105069,19,2017-12-19
437,Gabrielle,Potter,obarnes@example.org,23,Female,Operations,Supervisor,136422,11,2023-08-23
438,Cheryl,Foley,randall76@example.com,30,Female,Marketing,SEO Specialist,101889,10,2026-01-16
439,Gregory,Martin,estradadouglas@example.net,30,Female,HR,Recruiter,41068,24,2023-11-30
440,Richard,Garrett,lopeznancy@example.net,51,Male,Marketing,Marketing Manager,49788,12,2017-11-18
441,Clifford,Davis,charlotte57@example.org,28,Female,Operations,Logistics Coordinator,146022,22,2019-10-27
442,Thomas,Jones,kenneth36@example.com,51,Female,Marketing,Marketing Manager,139586,17,2024-12-13
443,Debra,Copeland,wshepard@example.org,53,Male,Sales,Business Developer,82403,2,2021-04-03
444,Sierra,Cross,brownarthur@example.net,22,Female,Sales,Sales Executive,108447,12,2018-10-16
445,Richard,West,marioholloway@example.net,34,Male,Marketing,SEO Specialist,134597,24,2025-05-20
446,David,Jones,julie50@example.net,47,Male,Finance,Financial Analyst,86662,25,2017-09-07
447,Alexis,Duran,gina72@example.org,55,Female,Marketing,Content Writer,129113,8,2020-12-19
448,Alison,Thompson,davenportbrittany@example.org,42,Male,Marketing,Marketing Manager,113141,10,2017-07-29
449,Ruben,Kim,thomas22@example.net,25,Male,Operations,Logistics Coordinator,111092,15,2025-01-21
450,Jason,Walters,austin57@example.org,54,Female,Marketing,SEO Specialist,120029,10,2020-05-06
451,Meredith,Pena,parkerdylan@example.com,26,Female,Sales,Business Developer,45087,14,2019-09-18
452,Brian,Dunn,zrichardson@example.net,47,Female,IT,System Admin,82469,1,2024-12-05
453,Joe,Campbell,matthew66@example.org,59,Male,Finance,Financial Analyst,113129,25,2020-01-19
454,Karen,Chaney,thomasstephanie@example.org,32,Female,Sales,Sales Manager,100502,7,2019-08-05
455,Lindsey,Reed,bperez@example.org,38,Female,HR,HR Manager,130504,15,2023-01-31
456,Erin,Marsh,kristimelton@example.org,52,Female,Support,Customer Support,48777,2,2024-12-04
457,Brian,Hodge,bnelson@example.com,27,Male,Marketing,Content Writer,141728,12,2018-05-07
458,Victoria,Johnson,patrick39@example.net,51,Female,Finance,Accountant,107468,13,2019-03-26
459,Sarah,Sexton,tmoss@example.net,58,Male,Sales,Sales Executive,90957,19,2018-01-09
460,Jasmine,Gaines,walter78@example.org,28,Male,HR,HR Manager,114309,18,2025-02-12
461,Robert,Sims,kellygarcia@example.net,37,Male,HR,Recruiter,37158,24,2017-04-24
462,Jason,Gibson,brett66@example.com,47,Female,Sales,Sales Executive,142781,20,2023-01-18
463,Jennifer,Hayes,vklein@example.com,49,Male,Sales,Sales Executive,106492,5,2025-04-27
464,Aaron,Bennett,wardmark@example.org,37,Male,Support,Customer Support,126501,11,2021-10-20
465,Jason,Boyer,chrisjackson@example.com,54,Male,Support,Technical Support,139529,25,2025-09-02
466,Nathan,Castro,andrew37@example.org,44,Female,Operations,Logistics Coordinator,120743,9,2020-05-28
467,Rachel,Warner,scott58@example.com,41,Male,HR,HR Executive,78680,3,2022-07-03
468,Brenda,Johnson,thomasaguirre@example.net,47,Male,Support,Technical Support,79156,25,2018-08-17
469,Megan,Hernandez,tina73@example.net,41,Female,Marketing,Marketing Manager,76219,11,2016-08-04
470,Gerald,Thompson,lauren60@example.net,30,Female,Finance,Accountant,103114,16,2017-09-15
471,Anthony,Williams,robert12@example.org,48,Female,HR,Recruiter,132676,10,2023-07-24
472,Alison,Kramer,andrewvasquez@example.net,37,Male,Marketing,Content Writer,58419,11,2026-01-15
473,Phillip,Griffin,fletcherchristine@example.com,56,Female,HR,Recruiter,43279,14,2021-06-12
474,Zachary,Jensen,pfrench@example.com,42,Female,Support,Technical Support,121801,24,2017-05-05
475,Kendra,Hood,ewilliams@example.com,23,Male,Sales,Sales Executive,47678,23,2024-02-18
476,Lisa,Francis,vgardner@example.com,49,Female,IT,Data Analyst,75080,20,2019-08-05
477,Christina,Miller,tannerjonathan@example.org,54,Male,Sales,Sales Manager,38651,1,2018-06-26
478,Alison,Martin,krausetimothy@example.net,38,Female,IT,System Admin,65787,2,2020-02-20
479,Mandy,Simmons,angelamccall@example.org,53,Female,Marketing,Content Writer,78630,5,2020-09-02
480,Patricia,Bowman,joshua04@example.net,53,Male,Finance,Auditor,59170,19,2021-03-27
481,Brandi,Norris,nbond@example.net,24,Male,HR,HR Manager,53675,20,2018-04-24
482,Alan,Burns,nicholas45@example.com,38,Male,Sales,Sales Executive,107906,11,2019-08-07
483,Darrell,Kent,millerstephanie@example.net,41,Male,Finance,Financial Analyst,46155,17,2025-10-30
484,Anthony,Rodriguez,stewartdouglas@example.org,57,Female,Finance,Auditor,96054,17,2018-10-31
485,Kimberly,Andrews,collinsjustin@example.org,27,Female,Sales,Sales Manager,78918,21,2022-06-05
486,Kelly,Lawson,lambertsharon@example.org,58,Female,Marketing,Marketing Manager,135659,20,2019-03-02
487,Harry,Robles,merrittanna@example.org,25,Female,HR,Recruiter,97921,12,2021-11-29
488,Lisa,Baxter,david43@example.net,52,Male,Support,Technical Support,111739,2,2017-12-28
489,Tracie,Romero,james26@example.net,23,Female,Sales,Sales Executive,143427,13,2016-08-20
490,Steven,Ward,deborah80@example.com,53,Male,Operations,Supervisor,98090,1,2017-04-09
491,Jennifer,Vang,powellmonica@example.com,47,Male,HR,HR Manager,63595,10,2024-02-08
492,Sherri,Smith,jasminelevy@example.com,31,Female,Support,Customer Support,92207,5,2019-03-01
493,Tiffany,Wallace,johnsonkyle@example.org,41,Female,Sales,Sales Executive,145536,8,2020-01-23
494,Nancy,Flores,adam50@example.com,44,Female,IT,System Admin,130063,19,2019-12-06
495,Austin,Taylor,edward46@example.com,52,Female,Support,Customer Support,135088,20,2020-07-08
496,Troy,Campbell,ksmith@example.org,50,Male,Operations,Operations Manager,121080,9,2022-05-19
497,Traci,Moore,kelsey59@example.org,52,Female,HR,Recruiter,59646,25,2025-07-01
498,Katherine,Cox,jenniferpena@example.net,60,Female,IT,Data Analyst,56231,14,2016-11-28
499,Kimberly,Shannon,silvajacob@example.com,29,Male,Operations,Supervisor,95050,16,2023-01-12
500,Matthew,Bean,rachel88@example.org,27,Female,Finance,Accountant,137958,25,2021-06-12
501,Brian,Lester,ubailey@example.net,27,Male,Operations,Operations Manager,36107,12,2019-10-15
502,Tiffany,Miller,caseyrose@example.net,51,Male,Operations,Operations Manager,82982,13,2018-04-26
503,Edward,Hall,jordandavid@example.net,54,Male,IT,Software Engineer,138481,6,2022-08-05
504,Andrew,Smith,colleenwoods@example.com,60,Female,Operations,Logistics Coordinator,146093,10,2024-09-30
505,James,Stewart,christopher57@example.net,51,Male,Support,Technical Support,112518,22,2024-12-27
506,Charles,Kelly,melissafields@example.org,29,Female,Support,Customer Support,115723,25,2023-06-14
507,Heather,Jackson,kho@example.com,33,Male,Support,Helpdesk Agent,51095,1,2025-07-07
508,Michael,Waters,michellesmith@example.com,55,Male,Sales,Sales Executive,137345,22,2021-12-01
509,David,Cameron,karenmitchell@example.com,33,Male,IT,Software Engineer,91438,4,2020-04-20
510,Erin,Smith,cindyallen@example.org,46,Female,Sales,Business Developer,109434,24,2020-09-17
511,Larry,Massey,frankbrown@example.net,24,Female,Marketing,Content Writer,81678,18,2018-02-10
512,Lindsay,Brooks,wilkersonjohnny@example.com,39,Female,Operations,Logistics Coordinator,79793,5,2016-08-04
513,Tony,Taylor,jessicamoreno@example.org,58,Male,HR,HR Executive,105595,23,2019-07-06
514,Edgar,Mason,walkerandrea@example.net,36,Female,Marketing,SEO Specialist,149156,24,2020-02-08
515,James,George,jeffrey75@example.com,57,Female,IT,System Admin,132459,10,2017-01-30
516,Christopher,Parks,montgomeryrandy@example.net,35,Male,Operations,Operations Manager,92633,9,2018-04-02
517,Brad,Padilla,michaelhenderson@example.net,53,Male,Finance,Auditor,73047,11,2024-12-01
518,Donna,Coleman,christopher55@example.net,24,Male,Sales,Sales Manager,81809,3,2023-07-05
519,David,Davis,jeffreywebb@example.net,46,Female,IT,System Admin,107156,24,2023-11-01
520,Mark,Taylor,tmiller@example.org,26,Male,Operations,Logistics Coordinator,51559,8,2024-10-12
521,Ann,Guerra,emily07@example.org,30,Female,HR,HR Manager,81266,12,2017-11-28
522,Christopher,Bond,mauricemiles@example.org,42,Female,HR,HR Executive,55540,3,2021-11-04
523,David,Haynes,gzhang@example.net,54,Female,IT,Software Engineer,93762,21,2023-06-19
524,Melissa,Colon,fowlerjohn@example.com,60,Male,IT,Software Engineer,124576,10,2024-07-10
525,Katelyn,Morris,snyderzachary@example.org,59,Male,Sales,Sales Executive,72560,4,2018-05-11
526,Diane,Buck,erice@example.org,35,Male,Support,Helpdesk Agent,70492,2,2018-06-28
527,David,Boyd,riosrobert@example.com,37,Male,Support,Technical Support,83658,22,2021-10-15
528,Shawn,Mason,marcwoods@example.com,29,Male,Operations,Operations Manager,71360,21,2022-04-16
529,Patricia,Smith,mossmorgan@example.net,26,Male,Finance,Accountant,127170,7,2022-08-16
530,Mary,Walker,adam38@example.org,37,Female,Operations,Operations Manager,68940,3,2024-03-03
531,Jacob,Herrera,katherinehansen@example.net,40,Male,IT,Data Analyst,97828,1,2023-08-06
532,Paige,Miranda,johnsondenise@example.net,48,Female,Operations,Supervisor,94816,17,2022-05-06
533,Rebecca,Larson,jeffrey42@example.net,32,Male,Marketing,SEO Specialist,95360,5,2018-04-07
534,William,Perry,laura19@example.com,51,Male,Support,Customer Support,107051,23,2024-07-22
535,Deanna,Walker,phillipsteresa@example.org,32,Male,Sales,Sales Manager,113521,17,2026-03-13
536,Kimberly,Scott,laura83@example.net,25,Male,Operations,Operations Manager,47436,17,2019-06-11
537,Richard,Chandler,gwhite@example.net,24,Male,Support,Customer Support,129074,6,2026-04-06
538,Melissa,Olson,iburch@example.net,26,Female,Sales,Business Developer,79183,3,2022-02-27
539,Craig,Gutierrez,josephwalker@example.org,44,Female,Operations,Logistics Coordinator,130762,20,2019-08-03
540,Yvonne,Morrison,thutchinson@example.org,25,Female,Finance,Auditor,144703,21,2022-06-04
541,Kimberly,Dean,smithlydia@example.net,39,Female,Sales,Sales Executive,101084,20,2023-02-06
542,Luis,Burke,jacob18@example.net,55,Male,IT,Software Engineer,148959,14,2022-07-18
543,Alison,Williams,mstewart@example.net,24,Female,Marketing,Content Writer,60289,2,2024-07-12
544,Edward,Hall,scottmcmillan@example.com,43,Male,IT,System Admin,86414,25,2020-07-31
545,Erica,Silva,denisewagner@example.net,29,Female,Support,Helpdesk Agent,121969,10,2023-06-06
546,Candice,Nguyen,evelynmcguire@example.com,52,Male,Sales,Sales Manager,63885,11,2023-09-21
547,Austin,Robinson,tyler98@example.com,31,Male,Finance,Accountant,100745,11,2025-06-23
548,Kenneth,Duran,madeline92@example.org,56,Male,Marketing,Marketing Manager,59182,8,2024-02-26
549,Cathy,Young,yphelps@example.net,43,Male,HR,HR Executive,105379,11,2019-07-18
550,Robert,Baker,jessicahodge@example.org,30,Male,IT,Data Analyst,66058,7,2016-11-15
551,Tina,Ruiz,bparrish@example.com,56,Female,Marketing,Content Writer,52159,1,2023-12-11
552,Patrick,Davis,hannahanderson@example.com,36,Male,Operations,Operations Manager,44116,18,2025-10-05
553,John,Montoya,bianca15@example.net,31,Female,HR,HR Executive,76986,19,2024-08-25
554,Jason,Pope,shelley06@example.net,50,Female,Finance,Auditor,50762,2,2022-12-16
555,Paul,Riddle,ymartin@example.net,50,Male,HR,HR Executive,143978,8,2020-03-22
556,Charles,Wells,dennisbarbara@example.org,24,Female,Sales,Sales Manager,42362,4,2021-11-15
557,Laura,Mccullough,janderson@example.org,28,Male,Support,Technical Support,92711,13,2016-07-16
558,Taylor,Reese,megan95@example.org,33,Female,Sales,Business Developer,73710,6,2024-03-07
559,Lisa,Rosario,theresawong@example.org,50,Male,Support,Customer Support,96144,11,2024-04-17
560,Jenny,Johnston,robleskelsey@example.com,28,Male,Finance,Financial Analyst,36544,8,2021-06-09
561,Susan,Cherry,ftorres@example.org,37,Female,IT,System Admin,89979,6,2025-07-25
562,Mary,Frazier,jamesryan@example.org,36,Female,Finance,Accountant,87262,3,2020-05-25
563,Lee,Simpson,richardlisa@example.org,37,Male,Marketing,Content Writer,99185,4,2020-08-18
564,Elizabeth,Boyd,vickie36@example.net,52,Male,Sales,Sales Manager,38347,5,2020-07-06
565,Rhonda,Smith,mstokes@example.net,26,Male,Marketing,Marketing Manager,134460,1,2020-01-14
566,Craig,Long,dbyrd@example.org,53,Male,HR,Recruiter,90887,22,2016-12-04
567,Christopher,Jackson,david45@example.org,59,Male,Sales,Sales Executive,44487,19,2024-03-30
568,Joshua,Barajas,lorisolis@example.com,55,Female,Operations,Logistics Coordinator,71310,17,2023-04-19
569,Andrew,Williams,trichmond@example.org,23,Male,Operations,Logistics Coordinator,58137,14,2019-09-08
570,Ashley,Johnson,huntjoe@example.org,40,Female,Finance,Accountant,75538,24,2019-06-02
571,Jennifer,Campos,andrew65@example.com,50,Female,Finance,Accountant,99523,14,2022-06-05
572,Maria,Walters,ayalasarah@example.com,22,Female,Support,Technical Support,85916,5,2022-03-12
573,Mikayla,Davis,robert79@example.org,50,Female,Operations,Supervisor,89107,22,2020-08-26
574,Andrew,Nichols,vargaseric@example.net,57,Male,Finance,Auditor,86253,11,2020-11-29
575,Ashley,Walker,meyerselizabeth@example.net,52,Female,Finance,Auditor,84158,15,2019-07-31
576,Shelley,Johnson,jacobsdiane@example.org,35,Male,Finance,Auditor,111403,7,2024-08-28
577,Laura,Nelson,margaretruiz@example.org,50,Male,Support,Customer Support,112946,1,2020-05-22
578,Wayne,Davis,rosstaylor@example.com,60,Male,Finance,Auditor,95512,1,2016-10-09
579,Anita,Franklin,wsanders@example.org,42,Female,Finance,Accountant,73524,20,2019-04-23
580,Corey,Campbell,ericastafford@example.org,32,Female,Operations,Logistics Coordinator,125628,4,2026-05-06
581,Jeanette,Peters,cwhite@example.com,35,Male,Marketing,SEO Specialist,46989,4,2019-06-09
582,Lauren,Welch,john84@example.com,27,Male,Operations,Supervisor,93949,22,2018-03-02
583,Megan,Moore,rebeccastewart@example.net,32,Female,Sales,Sales Manager,86116,17,2019-07-19
584,Megan,Barber,zyoung@example.com,30,Male,HR,HR Executive,87961,5,2018-11-11
585,April,Wilson,lgriffin@example.org,32,Male,Sales,Sales Manager,73400,8,2022-01-31
586,Anne,Palmer,morrissteven@example.com,23,Female,Operations,Operations Manager,98367,13,2025-03-10
587,Angela,Washington,mhansen@example.net,30,Male,Sales,Sales Manager,133051,9,2017-02-12
588,Ricardo,Evans,gmathews@example.com,38,Female,Operations,Supervisor,136885,12,2017-07-19
589,Desiree,Skinner,natalieanderson@example.net,24,Male,Marketing,SEO Specialist,115959,14,2022-01-31
590,Cassie,Sullivan,millereric@example.org,56,Female,Sales,Sales Manager,39820,25,2021-01-12
591,John,Shaw,lindseysnyder@example.net,52,Female,Support,Technical Support,130495,21,2022-02-06
592,Robert,Robinson,kjordan@example.com,38,Male,IT,Software Engineer,51617,12,2017-03-08
593,Anne,Arnold,luispayne@example.com,43,Male,IT,Software Engineer,139080,13,2021-07-25
594,Ashley,Evans,kylealvarez@example.net,29,Female,Finance,Auditor,149296,15,2022-09-25
595,Jeffrey,Hawkins,kristen16@example.net,46,Male,Finance,Accountant,65781,13,2017-07-26
596,Amber,Trujillo,brandymoore@example.org,42,Male,Finance,Accountant,118524,4,2020-10-28
597,Sydney,Howard,tcastillo@example.org,38,Female,Sales,Sales Executive,119959,14,2020-08-16
598,Melissa,Jordan,ifoster@example.com,53,Female,Finance,Auditor,68826,21,2026-05-19
599,Andrea,Chavez,zgordon@example.org,48,Male,Sales,Business Developer,99234,22,2020-02-18
600,Timothy,Lane,mturner@example.net,52,Male,HR,Recruiter,72049,17,2022-02-04
601,Joshua,Hodge,donnawalker@example.org,54,Female,Support,Helpdesk Agent,142429,25,2023-09-10
602,Robert,Harvey,khinton@example.org,47,Female,Marketing,Content Writer,131734,10,2018-05-09
603,Timothy,Huber,raymond13@example.org,22,Female,Finance,Accountant,83352,3,2020-02-11
604,Melissa,Mendoza,inguyen@example.com,49,Male,Sales,Sales Executive,62341,22,2020-04-30
605,Kimberly,Bolton,zbaker@example.org,43,Male,Support,Customer Support,87337,10,2017-12-17
606,Arthur,Carlson,bryanapril@example.com,27,Female,Support,Customer Support,92083,5,2025-02-20
607,Carolyn,Keith,ncooper@example.net,51,Male,Finance,Financial Analyst,53929,16,2017-07-10
608,Kristina,Poole,anthony32@example.org,51,Male,IT,Data Analyst,46853,23,2022-12-02
609,Brian,Lewis,kathy82@example.com,30,Female,Support,Helpdesk Agent,37577,18,2021-07-08
610,Matthew,Montoya,xhoward@example.net,39,Male,HR,HR Executive,68862,22,2018-11-27
611,Alexis,Richmond,xbarnes@example.com,33,Male,Sales,Sales Manager,39531,18,2018-10-14
612,Renee,Hall,scott10@example.com,31,Female,Operations,Logistics Coordinator,48403,10,2021-12-31
613,Alex,Lee,weberbrenda@example.com,30,Male,Support,Customer Support,71155,23,2019-12-14
614,Kathryn,Jimenez,jessicashaffer@example.net,52,Male,Support,Customer Support,126197,10,2025-08-24
615,Alison,Chapman,uthomas@example.net,41,Male,Sales,Sales Executive,63769,5,2023-03-13
616,Christopher,Wright,olsonshannon@example.com,53,Male,Sales,Sales Manager,47089,13,2022-05-23
617,Nicholas,Velez,barryrobinson@example.net,43,Female,Operations,Supervisor,71460,4,2024-08-11
618,Sarah,French,tiffanyreese@example.com,41,Female,Marketing,Content Writer,113210,17,2018-02-13
619,Kevin,Coleman,morenosherri@example.net,23,Male,Support,Customer Support,121008,2,2017-05-25
620,Tracy,Cruz,alice24@example.org,44,Female,HR,Recruiter,78979,12,2025-07-16
621,Kimberly,Stone,tammynguyen@example.org,29,Female,Support,Technical Support,129333,7,2023-09-14
622,David,Blackwell,bethbrown@example.com,51,Female,IT,Software Engineer,83370,4,2023-08-06
623,Matthew,Pierce,markkennedy@example.net,52,Female,Operations,Operations Manager,137424,9,2021-11-09
624,Gabrielle,Nunez,raycooper@example.org,53,Female,Marketing,Marketing Manager,132746,19,2016-06-28
625,Katherine,Walton,perryedward@example.org,46,Male,Operations,Supervisor,85332,1,2025-02-20
626,Rebecca,Collier,johnstoncrystal@example.org,28,Female,Marketing,SEO Specialist,107318,20,2023-03-14
627,Andrea,Mcbride,raymond88@example.org,50,Male,Sales,Sales Executive,109281,12,2018-05-01
628,Kimberly,Jones,jessicamiller@example.com,59,Female,Finance,Accountant,122379,14,2026-01-16
629,Michael,Myers,tcole@example.com,37,Female,IT,Software Engineer,130505,19,2022-01-29
630,Julia,Munoz,cmartin@example.net,33,Female,Marketing,Marketing Manager,113730,13,2022-10-22
631,Devin,Pierce,davenportbrittany@example.org,52,Male,HR,HR Manager,67615,5,2016-10-01
632,Kelly,Mccann,tjohnson@example.com,24,Male,HR,Recruiter,50005,9,2023-02-07
633,Christopher,Donaldson,cooksamantha@example.net,34,Female,Support,Customer Support,74974,14,2023-02-26
634,Keith,Singh,shannon25@example.org,22,Female,Finance,Auditor,48891,16,2025-03-18
635,Dawn,Patton,fcannon@example.org,23,Female,Marketing,Content Writer,129114,23,2021-06-18
636,Karen,Buck,allenhector@example.com,27,Male,Finance,Financial Analyst,97932,23,2021-11-06
637,Kimberly,Thomas,darrell00@example.com,40,Male,Sales,Business Developer,128153,14,2017-02-08
638,Bryan,Simpson,lori24@example.org,46,Male,Marketing,SEO Specialist,88987,13,2022-02-20
639,Brandon,Herrera,taylorwong@example.net,46,Female,Finance,Auditor,58478,20,2024-07-23
640,Donald,Sellers,wlambert@example.org,45,Female,Support,Technical Support,84934,25,2019-09-13
641,Cindy,Moore,ufrancis@example.com,24,Female,Finance,Auditor,136878,14,2022-07-04
642,Jeffery,Hall,iortega@example.com,29,Male,Sales,Sales Manager,97859,8,2024-06-19
643,Linda,Lewis,ryanhart@example.com,35,Male,Marketing,SEO Specialist,84938,25,2019-05-08
644,Pamela,Farrell,marcus46@example.org,49,Female,Sales,Sales Manager,71515,2,2016-10-30
645,Lisa,Harrison,brandywalker@example.com,48,Female,Sales,Sales Manager,92902,3,2025-10-11
646,Dawn,White,robert97@example.com,29,Male,Operations,Logistics Coordinator,147489,22,2017-12-28
647,Adam,Erickson,ericfarrell@example.com,57,Male,Marketing,Marketing Manager,102747,25,2019-08-21
648,Wanda,Gray,jonesalex@example.net,30,Female,HR,HR Manager,56856,14,2019-03-10
649,Ana,Phillips,andrew28@example.net,36,Female,Sales,Sales Executive,106235,3,2020-06-05
650,Edward,King,anna40@example.net,24,Female,Sales,Sales Executive,147845,25,2023-04-14
651,Richard,Wall,patrickspencer@example.net,59,Female,Marketing,SEO Specialist,62216,15,2023-11-21
652,Ryan,Peterson,sandovalrobert@example.net,43,Male,Operations,Supervisor,41610,7,2019-05-27
653,Karen,Ramos,suzannesmith@example.net,34,Male,Marketing,Marketing Manager,48751,17,2020-10-11
654,Rebecca,Hughes,jonathan47@example.net,28,Male,Support,Customer Support,148157,16,2017-12-22
655,David,Robinson,matthew83@example.com,34,Male,Support,Customer Support,64208,2,2018-03-22
656,Robert,Baker,venglish@example.net,49,Male,IT,Software Engineer,124134,22,2023-11-28
657,John,Cox,lhughes@example.org,58,Female,Sales,Sales Executive,60226,2,2017-05-24
658,Matthew,Barron,joseph85@example.org,56,Male,Support,Customer Support,123454,22,2025-08-11
659,Andrew,Johnson,andrea87@example.net,34,Male,Finance,Financial Analyst,45788,19,2019-03-31
660,Eric,Mcknight,kdudley@example.org,39,Male,Operations,Supervisor,111242,22,2018-10-09
661,Tiffany,Donovan,hayeslisa@example.com,40,Male,Marketing,SEO Specialist,111670,18,2023-01-08
662,Shelley,Thomas,annette09@example.com,54,Female,Support,Customer Support,45932,9,2024-01-14
663,Rachel,Jones,daniel68@example.net,59,Female,Sales,Sales Manager,66729,2,2025-01-22
664,Lynn,Ward,bcontreras@example.com,58,Male,Operations,Operations Manager,113641,13,2021-04-27
665,Jonathan,Bailey,rachel11@example.com,40,Female,Operations,Logistics Coordinator,141783,21,2023-08-28
666,Martin,Howell,gevans@example.com,45,Male,Finance,Auditor,117936,11,2022-02-09
667,Tara,Oliver,cummingsjennifer@example.net,57,Female,Marketing,Marketing Manager,100244,16,2019-09-26
668,Reginald,Boyd,michelletaylor@example.net,28,Female,Marketing,SEO Specialist,93805,10,2024-12-03
669,John,King,quinnchristina@example.com,34,Male,Finance,Accountant,63437,6,2018-03-22
670,Gregory,Carr,xjohnson@example.com,24,Female,Operations,Operations Manager,120498,8,2021-02-01
671,Carrie,Mitchell,zward@example.org,57,Male,Sales,Sales Manager,39519,25,2020-11-11
672,Perry,Allen,michael58@example.net,24,Male,HR,Recruiter,49382,12,2018-01-20
673,Anthony,Johnson,reedallen@example.org,22,Male,HR,HR Executive,38303,25,2025-05-10
674,Tiffany,Gordon,gbradley@example.org,47,Male,Operations,Operations Manager,133926,5,2025-11-24
675,Craig,Hunt,gutierrezsarah@example.net,40,Female,Support,Helpdesk Agent,42037,10,2017-12-13
676,Deborah,Johnson,ronald37@example.com,53,Male,HR,HR Manager,61922,10,2024-11-15
677,Marissa,Hamilton,jonwheeler@example.net,22,Female,Finance,Accountant,73950,10,2026-01-25
678,Benjamin,Dunn,brianamiller@example.net,37,Female,Marketing,Content Writer,38055,22,2024-04-23
679,Sharon,Galvan,dawnaguilar@example.org,36,Female,Support,Customer Support,55270,12,2016-12-16
680,Timothy,Lewis,bradshawnoah@example.com,57,Female,Support,Technical Support,45543,1,2026-05-22
681,Yvonne,Munoz,kimberlyking@example.com,33,Female,IT,Software Engineer,142339,18,2025-08-06
682,Susan,Hanson,sheila56@example.com,49,Male,HR,HR Manager,127784,21,2018-04-24
683,Lucas,Edwards,fergusonmichael@example.net,40,Male,HR,HR Manager,105237,19,2019-04-19
684,Glen,Solomon,stephen21@example.org,44,Male,Operations,Supervisor,84399,5,2018-01-25
685,Amanda,Miller,michael09@example.net,53,Male,Marketing,Marketing Manager,52692,3,2023-05-31
686,Miranda,Johnson,mschaefer@example.org,59,Male,Sales,Business Developer,117574,25,2022-09-03
687,Jose,Peterson,qhaynes@example.com,37,Male,Finance,Accountant,59413,8,2017-11-17
688,Connie,Stanley,cperez@example.org,28,Male,Finance,Financial Analyst,124095,8,2023-02-02
689,Amy,Fleming,mistylee@example.com,31,Male,Finance,Auditor,133322,2,2022-11-12
690,Brendan,Mosley,james44@example.net,54,Male,Marketing,Marketing Manager,111921,14,2024-06-28
691,Jasmine,Reeves,lauren93@example.net,46,Female,Finance,Financial Analyst,60009,9,2023-09-16
692,Megan,Stevenson,staciemorris@example.org,29,Female,Finance,Auditor,91570,1,2021-10-25
693,Alexander,Owen,jameslisa@example.com,38,Female,Sales,Sales Manager,93940,3,2022-02-23
694,Melissa,Taylor,david85@example.com,41,Female,Operations,Logistics Coordinator,139470,15,2025-08-10
695,Renee,Christensen,amy35@example.com,42,Female,HR,Recruiter,139633,13,2024-10-02
696,Rebecca,Hill,james07@example.net,34,Male,Marketing,Content Writer,132645,13,2024-09-23
697,Alejandro,Johnson,rsmith@example.org,43,Female,Finance,Accountant,44630,23,2021-06-08
698,Robert,Ali,andersonjessica@example.com,45,Female,Sales,Business Developer,83587,11,2021-10-05
699,Danielle,Francis,vincentrojas@example.org,53,Female,IT,Data Analyst,70194,13,2023-02-22
700,Rebecca,Horton,martinkevin@example.com,55,Female,IT,Software Engineer,40517,16,2016-07-28
701,Benjamin,Shea,john70@example.org,24,Male,IT,System Admin,43999,25,2017-02-20
702,Miranda,Garrett,mharris@example.org,35,Male,Operations,Supervisor,45025,9,2021-06-20
703,Brandon,Baker,felicia84@example.com,36,Male,Marketing,SEO Specialist,125067,8,2023-10-30
704,Samantha,Smith,urusso@example.org,55,Male,Finance,Financial Analyst,54076,24,2022-03-01
705,Rebekah,Sanchez,huntergarza@example.com,35,Male,Operations,Operations Manager,54114,9,2026-03-20
706,Lindsey,Wright,robert21@example.com,27,Female,Finance,Accountant,122846,21,2024-03-19
707,David,Adkins,olsonmichelle@example.com,37,Male,Marketing,Marketing Manager,143621,11,2019-05-22
708,Janice,Swanson,cbrown@example.com,39,Female,Operations,Supervisor,149094,10,2016-08-10
709,Justin,Peterson,yumiguel@example.org,42,Male,Finance,Auditor,101896,1,2024-03-19
710,Kristen,Henderson,rroy@example.org,50,Male,Support,Technical Support,68044,17,2025-02-23
711,Rhonda,Garcia,carrelizabeth@example.com,59,Female,Support,Customer Support,80162,3,2018-03-14
712,Tara,Maxwell,debbiecrawford@example.org,51,Female,Finance,Auditor,107676,9,2020-02-06
713,Ricky,Vasquez,ryanhughes@example.org,23,Male,Finance,Financial Analyst,141763,19,2020-06-20
714,Leslie,Garcia,wendy94@example.org,29,Male,IT,System Admin,130898,20,2021-06-22
715,Vincent,Mccoy,jason58@example.net,41,Female,Support,Customer Support,136153,1,2020-05-05
716,Daniel,Torres,ywatson@example.com,22,Female,Sales,Sales Executive,55286,22,2022-05-17
717,Matthew,Cole,andrew26@example.net,44,Female,HR,Recruiter,54841,8,2023-03-03
718,Grant,Gomez,benjaminmoss@example.net,59,Female,IT,Data Analyst,61918,21,2016-08-21
719,Crystal,Ramirez,jacksonmike@example.org,49,Female,HR,HR Manager,42060,12,2025-01-31
720,Joseph,English,christine12@example.org,43,Female,Sales,Sales Executive,140976,8,2019-06-08
721,Richard,Gonzalez,ttorres@example.com,58,Male,HR,HR Manager,60564,22,2018-09-08
722,Sean,Johnson,erikaklein@example.com,28,Female,Marketing,SEO Specialist,65524,22,2023-12-14
723,William,Alvarez,ybutler@example.com,56,Male,Operations,Supervisor,115183,4,2021-11-24
724,Laurie,Eaton,oarellano@example.com,35,Female,Marketing,Content Writer,94071,24,2024-01-30
725,Andrew,Chang,thomasemily@example.com,26,Male,IT,System Admin,143400,18,2023-09-14
726,Stacey,Wagner,zjones@example.org,43,Female,Finance,Financial Analyst,124598,17,2021-12-22
727,Stephanie,Curtis,wfrancis@example.org,34,Female,HR,HR Manager,62666,2,2024-11-13
728,Carlos,Lane,amy42@example.net,55,Male,HR,Recruiter,85532,2,2017-04-02
729,Erin,Wilson,lynn17@example.org,34,Male,Support,Technical Support,117912,11,2026-02-20
730,Monique,White,holly37@example.org,39,Male,Marketing,SEO Specialist,76469,16,2024-08-15
731,Dean,Fischer,brendanwilkerson@example.com,53,Male,Marketing,Marketing Manager,49436,14,2024-07-20
732,Brian,Roberts,michellethomas@example.org,58,Female,Support,Technical Support,88406,23,2025-01-16
733,James,Lucas,douglasduncan@example.com,30,Female,Support,Technical Support,149649,25,2022-01-04
734,Michelle,Davis,zjones@example.net,58,Female,Sales,Sales Executive,104912,2,2017-09-06
735,Kimberly,Williams,justinshort@example.org,22,Female,Operations,Operations Manager,75678,5,2017-06-10
736,Richard,Martinez,pamelablake@example.com,22,Male,Operations,Operations Manager,117514,4,2020-11-23
737,Steven,Benitez,washingtonlisa@example.org,27,Female,HR,HR Manager,77195,5,2020-11-18
738,Stephanie,Woods,ksmith@example.org,29,Male,Operations,Logistics Coordinator,64618,15,2024-01-25
739,Michael,King,xbell@example.com,52,Female,HR,HR Executive,113328,9,2019-09-12
740,Joann,Torres,cantrellangelica@example.org,58,Male,HR,Recruiter,78878,12,2022-05-18
741,Terri,Hall,qlarson@example.org,43,Male,Sales,Business Developer,139497,11,2023-09-27
742,Matthew,Ferguson,andrea74@example.net,43,Male,IT,System Admin,83439,11,2018-03-07
743,Amy,Cooper,tiffany16@example.net,32,Male,Marketing,SEO Specialist,109041,5,2025-10-08
744,Kerri,Palmer,barbara07@example.org,47,Male,Marketing,Content Writer,134734,13,2026-06-01
745,Jonathan,Simon,jonathanmack@example.org,47,Male,Sales,Sales Executive,98482,15,2024-07-09
746,Stephen,Webster,hollyscott@example.org,42,Female,Operations,Supervisor,137772,8,2018-06-11
747,Samuel,Taylor,alexandraorr@example.com,42,Male,Finance,Accountant,117463,23,2022-05-27
748,Jason,Mclaughlin,martinezjames@example.net,49,Male,Support,Customer Support,101812,15,2025-03-11
749,David,Reynolds,edgar52@example.net,29,Male,Marketing,SEO Specialist,94458,20,2018-02-13
750,Erica,Alvarez,gjohnson@example.net,46,Female,Finance,Accountant,60729,14,2017-10-18
751,John,Miller,martinemma@example.org,29,Male,Finance,Financial Analyst,127360,18,2021-01-27
752,Ian,Carlson,denise07@example.org,58,Female,IT,System Admin,35745,9,2019-07-25
753,Teresa,Sanders,rfaulkner@example.net,22,Female,Operations,Operations Manager,91772,10,2023-12-19
754,Phillip,Thornton,esloan@example.org,35,Female,HR,HR Executive,78353,9,2024-04-12
755,Oscar,Miller,erichopkins@example.org,23,Male,Sales,Sales Manager,63214,25,2020-08-27
756,Jeremy,Friedman,webermichaela@example.com,33,Female,Finance,Auditor,47823,23,2023-12-06
757,Christopher,Taylor,martindawn@example.com,29,Male,HR,HR Executive,135383,3,2025-07-19
758,Nathan,White,townsendmichael@example.com,23,Female,Sales,Sales Manager,131654,20,2021-03-05
759,Anthony,Giles,mcmahonkaren@example.com,25,Female,Finance,Auditor,37559,8,2023-01-20
760,Lisa,Allen,tramirez@example.com,53,Male,Sales,Sales Executive,79101,24,2024-07-11
761,Jennifer,Wilson,maxwellberger@example.org,56,Male,Support,Customer Support,71742,1,2018-03-12
762,Anthony,Castillo,thompsonamanda@example.com,23,Male,Support,Customer Support,94200,22,2024-12-17
763,Amber,Edwards,kennethjones@example.net,25,Male,Operations,Logistics Coordinator,129787,19,2023-10-13
764,April,Jackson,moralesaaron@example.com,28,Female,IT,Software Engineer,41760,11,2016-11-13
765,Chad,Livingston,ggregory@example.org,42,Female,Sales,Sales Manager,133078,22,2017-09-03
766,Kayla,Harrison,vegacaleb@example.org,23,Female,Operations,Logistics Coordinator,144718,13,2024-03-05
767,Cheryl,Ramos,andersonkatie@example.org,25,Male,Support,Technical Support,91841,3,2017-10-13
768,Christine,Payne,zhall@example.com,31,Female,Finance,Accountant,46110,9,2023-02-02
769,Seth,Woods,jamesflynn@example.com,30,Male,Support,Customer Support,138048,19,2017-07-27
770,Jason,Freeman,hartkayla@example.org,39,Male,HR,Recruiter,122066,22,2025-04-24
771,Andrea,Johnson,robert26@example.org,45,Female,IT,Software Engineer,55350,16,2022-01-27
772,Patricia,Adams,chelsea72@example.com,25,Female,IT,Software Engineer,128904,2,2018-06-15
773,Gina,Taylor,charlesfigueroa@example.org,54,Male,Finance,Auditor,120045,4,2025-06-22
774,Edward,Taylor,zbowers@example.com,51,Male,Support,Technical Support,107951,20,2022-07-28
775,Robert,Cannon,santiagojoann@example.net,54,Male,Marketing,SEO Specialist,130030,16,2023-11-07
776,Christopher,Taylor,thomascollins@example.com,34,Female,Marketing,SEO Specialist,48687,12,2025-09-09
777,Valerie,Klein,bryangeorge@example.org,55,Female,Marketing,Content Writer,44358,7,2020-08-18
778,Debra,Gordon,gary11@example.org,47,Male,Support,Helpdesk Agent,126070,16,2017-06-07
779,Kayla,Jones,erica89@example.com,35,Female,Sales,Business Developer,111459,6,2023-05-04
780,Katie,Anderson,lcaldwell@example.org,27,Female,Finance,Accountant,49614,8,2023-09-02
781,Kyle,Shaw,pbradley@example.org,38,Male,Operations,Logistics Coordinator,88372,22,2020-05-07
782,William,Robertson,morrisonnatalie@example.org,40,Male,Support,Helpdesk Agent,58407,1,2018-07-03
783,Paul,Gonzalez,heatherbutler@example.com,57,Male,Marketing,Content Writer,112274,23,2024-10-02
784,Mary,Fernandez,jeremy35@example.net,49,Male,Sales,Sales Executive,96744,7,2025-12-17
785,William,Davis,jessicamartinez@example.org,53,Female,Finance,Accountant,85202,15,2021-10-16
786,Melissa,Douglas,ashley73@example.org,32,Female,Support,Helpdesk Agent,38969,19,2017-05-13
787,Audrey,Johns,chasereed@example.org,30,Female,HR,HR Executive,40138,2,2022-08-08
788,Alyssa,Murray,goodwinkimberly@example.com,29,Male,Marketing,Marketing Manager,130161,8,2025-06-06
789,Jennifer,Flores,nicole35@example.com,24,Female,HR,Recruiter,94399,14,2016-09-11
790,Tonya,Vance,davidmurphy@example.com,37,Female,Marketing,Marketing Manager,77751,25,2022-01-13
791,Paula,Chung,qdickson@example.com,60,Female,HR,Recruiter,128535,19,2019-06-24
792,Suzanne,Davis,jscott@example.org,40,Female,Operations,Logistics Coordinator,63825,3,2020-11-05
793,James,Jackson,lauragonzales@example.org,50,Female,Operations,Logistics Coordinator,74789,21,2020-04-15
794,Rebekah,Flores,richardwebster@example.net,40,Female,Operations,Operations Manager,93930,19,2021-04-01
795,Victor,Griffin,rfigueroa@example.org,58,Male,HR,HR Executive,97386,21,2021-01-05
796,Kenneth,Scott,nancy84@example.org,47,Male,Support,Technical Support,107878,1,2021-10-13
797,Jennifer,Beck,millersarah@example.org,56,Female,Sales,Sales Executive,37551,14,2016-10-26
798,James,Griffin,danielhines@example.com,38,Female,Marketing,Marketing Manager,42484,9,2020-01-12
799,Sara,Evans,gryan@example.com,31,Female,HR,Recruiter,114050,3,2026-03-19
800,Nicole,Guerrero,christopherrichards@example.com,38,Female,IT,Data Analyst,111393,6,2023-04-15
801,Danielle,Nichols,kathyfreeman@example.com,57,Male,Support,Technical Support,82222,23,2019-09-13
802,Sarah,Gonzales,mary22@example.net,36,Male,Operations,Operations Manager,105919,20,2024-08-12
803,Mary,Bryan,ugreene@example.net,31,Male,Finance,Accountant,63506,22,2018-04-23
804,Tammy,Gray,jonesdale@example.com,55,Female,Marketing,Content Writer,128893,10,2019-04-12
805,Matthew,Brooks,lrosario@example.com,39,Female,Sales,Sales Executive,133814,3,2025-07-12
806,John,Payne,linda82@example.net,49,Male,Operations,Supervisor,62751,4,2021-07-31
807,Christina,Fritz,robertowolf@example.org,59,Female,Marketing,Marketing Manager,70945,6,2017-12-17
808,Jonathan,Morales,choikatrina@example.net,24,Female,Support,Helpdesk Agent,106658,23,2026-04-24
809,Mark,Clay,erinmason@example.org,39,Male,HR,Recruiter,61745,4,2023-10-24
810,Brenda,Lang,smithsharon@example.org,53,Female,Marketing,SEO Specialist,84141,15,2019-03-14
811,Whitney,Kirby,donnamiller@example.org,26,Female,Operations,Logistics Coordinator,134226,13,2025-10-29
812,Brandon,Garcia,jocelyngomez@example.net,60,Male,Marketing,SEO Specialist,123841,21,2021-02-23
813,Matthew,Rodriguez,nmedina@example.com,41,Female,HR,HR Executive,94158,6,2023-09-06
814,Bryan,Reeves,uwilliams@example.com,60,Female,Finance,Auditor,147409,16,2019-07-04
815,Nicholas,Turner,barneskimberly@example.net,30,Male,Finance,Accountant,72869,2,2023-11-20
816,Amanda,Matthews,ksmith@example.org,59,Female,Operations,Operations Manager,59092,24,2018-10-30
817,Tammy,Stephens,tina67@example.net,35,Female,IT,Software Engineer,99239,2,2024-12-30
818,Matthew,Watson,whiteamy@example.net,29,Male,Operations,Supervisor,134770,12,2019-02-14
819,Jason,Gonzalez,zwhitehead@example.com,45,Male,IT,System Admin,72714,15,2023-09-24
820,Devin,Juarez,gregorymcconnell@example.net,56,Male,Sales,Business Developer,108172,14,2017-01-18
821,Anita,Abbott,william71@example.org,54,Male,IT,System Admin,96589,5,2020-06-30
822,David,Burns,katierodriguez@example.net,55,Female,IT,System Admin,64636,22,2020-03-10
823,Logan,Miller,jrivera@example.net,60,Male,Operations,Supervisor,92875,17,2019-07-03
824,Maurice,Wright,nicholas12@example.org,55,Male,Support,Helpdesk Agent,129030,3,2026-05-12
825,Kelsey,Sanchez,danielacosta@example.net,48,Male,IT,System Admin,102193,13,2023-02-27
826,Angelica,Nicholson,teresajennings@example.net,32,Female,Operations,Supervisor,67742,3,2025-05-15
827,Matthew,Brown,annathompson@example.org,42,Male,Sales,Sales Manager,138419,10,2025-07-12
828,Wyatt,Wolfe,jamescampbell@example.com,34,Male,Finance,Financial Analyst,36061,9,2021-03-01
829,Robert,Mendez,bellmichelle@example.com,47,Female,HR,Recruiter,101805,14,2020-01-08
830,Tristan,Jackson,matthewburgess@example.net,40,Female,IT,System Admin,60311,2,2023-01-15
831,Kathryn,Phillips,melissasmith@example.com,53,Female,Sales,Business Developer,119122,5,2024-10-07
832,Deborah,Evans,rglover@example.org,40,Female,HR,HR Manager,115645,19,2021-08-09
833,Susan,Heath,johnburke@example.net,44,Male,Support,Customer Support,143053,21,2016-08-19
834,Linda,Smith,amy11@example.org,23,Male,Support,Helpdesk Agent,83388,4,2018-02-28
835,Miranda,Garcia,zoeritter@example.org,45,Male,Finance,Financial Analyst,117183,7,2024-12-14
836,Cheryl,Mendoza,claytonhurst@example.org,59,Male,Finance,Financial Analyst,98508,20,2023-10-25
837,John,Brown,samantha45@example.org,34,Female,Operations,Operations Manager,85021,22,2016-09-21
838,Robin,Fisher,rosaleskenneth@example.org,38,Female,Operations,Operations Manager,36069,10,2022-11-22
839,Scott,Martin,kelly35@example.org,33,Female,Operations,Operations Manager,119559,20,2016-08-16
840,Edgar,Rhodes,jeffersonshelby@example.com,38,Female,Operations,Operations Manager,135569,4,2023-03-09
841,Jorge,Beltran,adrian63@example.net,25,Female,HR,HR Manager,58958,16,2019-03-01
842,Julia,Montoya,michaelrodriguez@example.net,53,Female,IT,Data Analyst,75966,22,2022-04-09
843,William,Farrell,youngnicholas@example.org,38,Female,IT,System Admin,120553,24,2023-01-26
844,Aaron,Brown,colehoffman@example.net,32,Male,HR,HR Manager,145436,1,2025-09-06
845,Angela,Reese,yhall@example.org,28,Male,Sales,Business Developer,132996,4,2021-06-26
846,Kaitlyn,Zimmerman,gregory84@example.org,53,Female,IT,Software Engineer,112332,4,2017-06-08
847,Jessica,James,chad12@example.com,36,Male,Marketing,Content Writer,64606,21,2020-11-30
848,Lori,Perry,danielle72@example.org,51,Male,Operations,Supervisor,113006,23,2025-09-26
849,Richard,Mccormick,amy55@example.net,58,Female,Sales,Business Developer,80650,16,2018-06-07
850,James,Williams,mark07@example.net,51,Female,HR,Recruiter,132439,12,2019-12-29
851,Michael,Thomas,abailey@example.org,32,Male,IT,Data Analyst,61271,5,2023-10-25
852,Rachel,White,allensusan@example.net,33,Male,Marketing,Content Writer,135617,5,2020-09-27
853,Patricia,Ferguson,michael36@example.net,23,Male,Operations,Supervisor,35235,5,2018-02-01
854,Amanda,Ramos,curtis72@example.net,27,Male,HR,Recruiter,129368,5,2023-07-13
855,Susan,Young,james34@example.org,40,Male,Marketing,Marketing Manager,58308,4,2018-10-13
856,Amy,Pitts,cookpaul@example.net,51,Male,HR,Recruiter,94280,24,2021-11-16
857,Dana,Stevenson,williamsrobert@example.net,56,Male,HR,HR Executive,53281,6,2017-07-23
858,Christopher,Delacruz,jody79@example.com,57,Female,Marketing,SEO Specialist,65686,2,2020-05-31
859,Michelle,Myers,yblair@example.net,34,Female,Marketing,SEO Specialist,44246,10,2018-10-31
860,Nicole,Williams,seanholmes@example.com,30,Male,Sales,Sales Manager,103095,14,2026-05-20
861,Olivia,Jones,jamie81@example.org,59,Female,Finance,Auditor,145642,23,2020-02-19
862,Steven,Brown,ldoyle@example.com,44,Female,Operations,Logistics Coordinator,70696,25,2021-08-22
863,Katherine,Richardson,brenda13@example.com,42,Female,Operations,Operations Manager,38713,6,2023-04-01
864,Michael,Potter,ogreen@example.com,42,Female,Sales,Business Developer,93998,21,2024-07-12
865,Jeffery,Harris,crystalrichards@example.com,50,Female,Support,Helpdesk Agent,115145,15,2018-09-20
866,Sarah,Davis,olopez@example.com,60,Female,Sales,Sales Manager,117874,20,2020-09-01
867,Sarah,Nelson,brendadouglas@example.net,44,Male,Support,Technical Support,42101,11,2016-10-06
868,Sherri,Duncan,rbradshaw@example.net,41,Male,Marketing,Marketing Manager,136021,1,2017-07-20
869,Joseph,Walker,matthew24@example.com,49,Female,IT,Software Engineer,136836,13,2020-05-25
870,Jill,Marshall,karen69@example.com,58,Male,Finance,Accountant,64598,9,2022-11-05
871,Sheryl,Willis,chadlong@example.net,36,Male,Marketing,Marketing Manager,93885,4,2016-10-28
872,Dean,Neal,cervantescharles@example.org,58,Male,Sales,Business Developer,75509,22,2024-10-13
873,Jody,Diaz,gabriel48@example.org,56,Female,Operations,Operations Manager,57936,22,2019-12-22
874,Elizabeth,Douglas,jibarra@example.com,50,Female,Marketing,Content Writer,149722,21,2022-10-10
875,Chelsea,Saunders,twallace@example.com,23,Male,IT,Data Analyst,144400,4,2019-07-18
876,Christian,Murray,allenthompson@example.com,47,Female,Support,Helpdesk Agent,115815,3,2017-12-09
877,Nicholas,Nichols,vbell@example.org,58,Female,Sales,Sales Executive,149548,15,2021-12-24
878,Nathaniel,James,mary45@example.net,42,Male,Marketing,SEO Specialist,73630,9,2020-07-01
879,Christopher,Collins,sjohnson@example.net,28,Female,Support,Helpdesk Agent,44677,19,2019-01-15
880,Karen,Faulkner,watsonpamela@example.com,37,Male,HR,HR Manager,111486,12,2024-08-19
881,David,Mcdonald,candice94@example.net,36,Female,Operations,Operations Manager,76673,5,2018-03-03
882,Edward,Hanna,edwardroberts@example.com,23,Male,Support,Customer Support,148630,3,2017-08-07
883,Lauren,Ali,carrieblair@example.com,47,Female,HR,HR Manager,86682,5,2023-04-25
884,Larry,Wood,murphyzachary@example.org,45,Male,IT,Data Analyst,131692,3,2020-06-19
885,Eric,Miller,katherine78@example.com,37,Female,Marketing,SEO Specialist,144888,12,2022-09-02
886,Gina,Clark,ryansalazar@example.com,53,Female,Marketing,Marketing Manager,111508,20,2020-04-02
887,Gina,Mclean,floresjonathan@example.net,30,Male,HR,HR Manager,89670,14,2022-09-29
888,Gerald,Dunlap,mcdonaldmarie@example.org,50,Male,Operations,Supervisor,67586,24,2021-07-07
889,Rodney,Cooper,shelly27@example.net,39,Male,Marketing,Marketing Manager,54406,22,2019-04-01
890,Amanda,Stevens,jerry86@example.net,34,Female,IT,System Admin,105320,6,2017-12-13
891,Melanie,Johnson,cscott@example.org,42,Female,Sales,Sales Manager,58754,4,2016-08-24
892,Johnny,Davis,matthewstara@example.net,55,Female,HR,Recruiter,134808,24,2016-10-19
893,Stephanie,Cisneros,chadfernandez@example.com,28,Female,HR,Recruiter,127976,15,2024-01-20
894,Sandra,Cooke,zkim@example.org,50,Male,Support,Customer Support,109788,1,2017-10-23
895,Bryan,Martin,paulabrooks@example.net,22,Female,Finance,Financial Analyst,124434,16,2020-01-26
896,Christina,Morris,rachel53@example.org,51,Female,IT,Software Engineer,65006,7,2020-01-05
897,Kevin,Joseph,raymondcharles@example.net,42,Female,HR,HR Executive,111705,16,2023-07-23
898,Caleb,Gonzalez,tyronelam@example.net,40,Male,Marketing,Content Writer,141301,2,2021-05-05
899,Dana,Snow,ccrawford@example.net,37,Male,Marketing,SEO Specialist,128330,12,2025-08-28
900,Robert,Wood,ikerr@example.net,46,Male,IT,Data Analyst,106942,20,2022-05-02
901,Manuel,Leonard,kevinmckinney@example.org,24,Female,Sales,Sales Executive,82593,4,2019-03-16
902,Christie,Herrera,blackwelladam@example.com,34,Male,HR,HR Manager,132843,16,2018-09-07
903,Samantha,Miller,justin18@example.com,49,Male,IT,System Admin,44616,13,2022-01-19
904,Ryan,Barnes,mcdanielrichard@example.com,42,Male,Support,Helpdesk Agent,111439,19,2024-05-29
905,Joshua,Johnson,smurphy@example.net,38,Male,Finance,Auditor,46608,1,2026-03-08
906,Kathleen,James,scott51@example.com,36,Male,Operations,Operations Manager,105796,24,2019-12-11
907,Lauren,Griffin,charles97@example.com,38,Male,Operations,Supervisor,144957,2,2025-07-20
908,John,Palmer,vmeyer@example.com,53,Male,Finance,Auditor,96477,18,2022-05-07
909,Amanda,Hanna,padillajoseph@example.net,55,Male,Operations,Supervisor,93750,9,2023-12-13
910,James,Tyler,nharris@example.com,31,Female,Marketing,SEO Specialist,134396,2,2019-11-05
911,Phyllis,Morales,chapmanallen@example.net,49,Female,HR,HR Executive,121683,16,2025-02-14
912,Russell,Davis,robert09@example.com,38,Female,Finance,Accountant,92785,19,2018-02-08
913,Gregory,Cox,ethanpadilla@example.org,32,Female,Operations,Logistics Coordinator,86396,17,2025-06-21
914,Sydney,Soto,lisa08@example.com,31,Male,Finance,Financial Analyst,50282,25,2018-04-28
915,Rodney,Munoz,ugomez@example.net,44,Male,Marketing,Marketing Manager,60839,6,2021-07-28
916,April,Allen,christopherstephens@example.org,51,Female,IT,System Admin,35029,7,2022-10-01
917,James,Jensen,edward66@example.com,51,Female,Operations,Supervisor,59958,8,2016-07-02
918,Sara,Thornton,gutierrezdonna@example.net,54,Male,Support,Technical Support,106351,6,2026-02-04
919,Suzanne,Nichols,whiteheadrobert@example.org,51,Female,Finance,Accountant,119960,2,2019-01-27
920,Samuel,Caldwell,marywatson@example.com,33,Female,Operations,Operations Manager,113077,18,2016-07-04
921,Leah,Rivers,qpeters@example.org,46,Female,Support,Technical Support,65936,13,2019-11-12
922,Wesley,Chase,scott52@example.net,52,Female,Finance,Auditor,131899,24,2021-07-29
923,Alexander,Robinson,umcdonald@example.com,56,Male,HR,Recruiter,115516,24,2026-05-29
924,Craig,Montgomery,christinamaxwell@example.net,28,Female,Support,Customer Support,113922,6,2019-02-23
925,Tiffany,Johnson,travisgomez@example.com,22,Male,Marketing,Content Writer,116184,2,2025-04-21
926,Christopher,Roach,catherinescott@example.org,53,Male,IT,Data Analyst,41231,16,2025-04-07
927,Elizabeth,Gutierrez,lisa39@example.net,22,Male,HR,Recruiter,72747,3,2023-06-14
928,Lisa,Clarke,shelby32@example.net,42,Female,Marketing,Marketing Manager,102168,13,2019-05-23
929,Kelli,Foley,eking@example.com,51,Male,Support,Customer Support,136979,12,2025-01-08
930,Donna,Forbes,fparks@example.net,48,Male,Operations,Supervisor,120787,9,2018-12-07
931,Susan,Nichols,ysantos@example.com,60,Male,HR,Recruiter,123069,13,2020-10-16
932,Maureen,Miller,rachelbrown@example.org,23,Male,Sales,Sales Executive,82569,6,2019-01-31
933,Richard,Thompson,garciajeremy@example.org,23,Male,IT,Software Engineer,49181,1,2025-05-14
934,Casey,Smith,meghanmcdonald@example.net,40,Male,Finance,Accountant,84817,14,2025-02-11
935,Nancy,Spencer,mjacobs@example.com,22,Female,Operations,Supervisor,73662,22,2024-09-11
936,Lisa,King,fosterdanny@example.net,49,Female,Support,Customer Support,35233,18,2017-05-17
937,Jill,Smith,sarawright@example.com,38,Female,Finance,Accountant,64559,17,2021-11-18
938,Andrew,Hunt,james18@example.com,28,Male,Sales,Business Developer,37793,13,2019-05-12
939,Heather,Collins,chadosborne@example.net,24,Female,IT,System Admin,57434,15,2016-07-11
940,Stephen,Wilson,paula44@example.org,40,Female,Support,Customer Support,66467,24,2016-12-03
941,James,Douglas,juliamoore@example.org,36,Female,Marketing,Content Writer,103249,24,2017-10-11
942,Justin,Stewart,leeann@example.net,38,Male,Support,Customer Support,142882,14,2017-03-21
943,Andrew,Stark,rflynn@example.net,39,Male,IT,System Admin,72380,20,2025-01-24
944,Jill,Spencer,robertsmith@example.net,48,Male,Marketing,SEO Specialist,97380,22,2020-07-24
945,Toni,Bean,nancyorr@example.com,49,Male,Marketing,SEO Specialist,93073,13,2016-06-20
946,Geoffrey,Richmond,catherine94@example.org,24,Male,Operations,Logistics Coordinator,141957,15,2020-12-16
947,Perry,Frost,jessicajennings@example.com,35,Male,Finance,Accountant,53327,17,2017-01-30
948,Diana,Elliott,fisherrachel@example.com,54,Female,Operations,Supervisor,69832,3,2018-06-16
949,Wendy,Ruiz,cameronnathan@example.net,45,Female,Operations,Supervisor,88533,2,2016-08-24
950,April,Moore,waltersjennifer@example.net,43,Female,Finance,Financial Analyst,89988,1,2016-10-09
951,Kimberly,Gutierrez,eleonard@example.org,36,Male,Sales,Sales Executive,61565,9,2017-02-04
952,Adrienne,Rowe,stanleytrevino@example.com,55,Male,IT,Data Analyst,49706,12,2023-12-21
953,Amy,Hernandez,nathancervantes@example.net,52,Female,Support,Customer Support,104267,23,2019-07-14
954,Robin,Hendricks,kimberlybradley@example.org,37,Female,Support,Customer Support,40355,19,2025-05-20
955,Julie,Powell,uwright@example.com,57,Male,Operations,Operations Manager,58127,17,2026-03-19
956,Jacqueline,Flores,ijones@example.net,44,Male,Operations,Operations Manager,61776,14,2016-06-28
957,Juan,Livingston,amandafoster@example.com,38,Male,HR,Recruiter,78082,16,2020-06-01
958,Brett,Mccarthy,kennethwu@example.net,50,Female,Operations,Operations Manager,65894,20,2025-02-05
959,Jared,Brown,uchavez@example.net,25,Male,Marketing,SEO Specialist,45564,11,2022-05-13
960,Michael,Villarreal,dawnmontgomery@example.net,44,Female,Finance,Financial Analyst,72247,2,2016-11-30
961,Mason,Washington,mclaughlinjulia@example.net,59,Male,Support,Customer Support,46410,14,2016-12-06
962,Carl,Obrien,hcarlson@example.com,52,Male,HR,HR Manager,147406,2,2017-08-20
963,Michael,Miller,gregorymatthews@example.org,36,Female,Sales,Business Developer,129931,13,2020-08-16
964,Jessica,Curtis,rhondasimmons@example.org,53,Male,Sales,Business Developer,36899,9,2017-01-28
965,Brandon,Scott,omeyer@example.net,52,Male,Sales,Business Developer,104087,3,2025-02-26
966,Frances,Walker,rblake@example.net,47,Male,Support,Technical Support,86579,21,2026-02-17
967,Phillip,Moran,edward08@example.com,32,Female,Marketing,SEO Specialist,112101,9,2022-07-06
968,Juan,Walls,sanderslinda@example.net,33,Male,Marketing,Content Writer,95598,18,2018-11-27
969,Alexandra,James,torresdouglas@example.com,45,Male,Marketing,Marketing Manager,93912,21,2024-02-01
970,Rebecca,Bartlett,khenry@example.net,24,Male,HR,Recruiter,68798,22,2025-12-09
971,Dale,Zimmerman,dawn96@example.com,43,Female,Finance,Auditor,121518,3,2017-09-20
972,Brian,Moody,matthew47@example.net,34,Male,Operations,Supervisor,61969,4,2020-09-09
973,Laura,Gray,dennis94@example.net,34,Female,Marketing,Marketing Manager,55840,17,2021-10-11
974,Catherine,Barry,perrybilly@example.net,41,Female,Finance,Auditor,118503,22,2016-09-22
975,Monica,Clay,lcastaneda@example.net,37,Female,Marketing,Content Writer,116042,4,2017-06-17
976,Susan,Gardner,cruzrobert@example.org,38,Male,Support,Customer Support,50127,3,2024-01-22
977,Kathy,Copeland,justinjones@example.org,25,Male,Marketing,Marketing Manager,40030,16,2026-01-27
978,Joseph,Hernandez,christian56@example.net,24,Male,IT,System Admin,87604,17,2024-09-06
979,Michael,Moore,robertsmark@example.net,47,Male,Marketing,Content Writer,115661,13,2024-01-11
980,James,Reyes,rogersvictor@example.com,34,Male,Operations,Supervisor,122764,4,2023-04-05
981,Ricardo,Hamilton,nealheather@example.com,32,Female,IT,System Admin,44091,15,2017-07-16
982,Jordan,Wilson,michaelhale@example.org,51,Female,Finance,Financial Analyst,148739,25,2017-05-22
983,Misty,Brown,victor45@example.net,52,Male,IT,Software Engineer,52498,14,2025-05-06
984,Jennifer,Martin,suttonmegan@example.org,25,Male,Sales,Business Developer,52222,21,2020-08-30
985,Susan,Heath,sheltondavid@example.org,50,Female,Sales,Business Developer,104735,14,2021-03-08
986,Alexandra,Bell,icardenas@example.org,40,Male,Sales,Business Developer,83867,2,2021-06-11
987,Kayla,Parker,margaret24@example.com,29,Female,Sales,Sales Manager,45164,24,2025-09-05
988,Dale,Logan,daniel02@example.net,33,Female,HR,HR Executive,79784,12,2025-06-12
989,Taylor,Bradley,donald02@example.com,56,Male,IT,Software Engineer,100610,1,2017-07-18
990,Kristin,Robinson,dramos@example.com,46,Female,HR,Recruiter,98559,20,2023-11-13
991,James,Oconnell,thomassteven@example.com,30,Female,Marketing,SEO Specialist,115614,5,2018-03-02
992,Brett,Perkins,nancy89@example.org,54,Female,Sales,Business Developer,91714,23,2026-05-18
993,Nicholas,Lowe,patricia09@example.com,30,Female,Sales,Sales Manager,138178,7,2024-07-18
994,Ellen,Clayton,shannon33@example.com,57,Female,IT,Data Analyst,77317,8,2021-11-14
995,Donald,Brown,arussell@example.net,37,Male,Finance,Financial Analyst,45880,24,2025-08-25
996,Christopher,Medina,oporter@example.net,51,Female,Finance,Financial Analyst,51785,13,2024-09-29
997,Connie,Hill,aruiz@example.net,49,Male,Support,Helpdesk Agent,87684,11,2018-05-24
998,Caleb,Clark,philipwilson@example.net,39,Female,IT,System Admin,135144,3,2025-08-11
999,Kathryn,Carroll,qle@example.net,35,Female,IT,Software Engineer,139009,12,2025-03-14
1000,Megan,Jones,michelleporter@example.com,54,Male,Marketing,SEO Specialist,37731,9,2019-04-05
